Tank,Colour,Date
1,Green,Nov_02
1,Red,Nov_02
1,Blue,Nov_02
2,Green,Nov_02
2,Red,Nov_02
2,Blue,Nov_02
3,Green,Nov_02
3,Red,Nov_02
3,Blue,Nov_02
4,Green,Nov_02
4,Red,Nov_02
4,Blue,Nov_02
5,Green,Nov_02
5,Red,Nov_02
5,Blue,Nov_02
6,Green,Nov_02
6,Red,Nov_02
6,Blue,Nov_02
7,Green,Nov_02
7,Red,Nov_02
7,Blue,Nov_02
9,Green,Nov_02
9,Red,Nov_02
9,Blue,Nov_02
10,Green,Nov_02
10,Red,Nov_02
10,Blue,Nov_02
11,Green,Nov_02
11,Red,Nov_02
11,Blue,Nov_02
12,Green,Nov_02
12,Red,Nov_02
12,Blue,Nov_02
13,Green,Nov_02
13,Red,Nov_02
13,Blue,Nov_02
14,Green,Nov_02
14,Red,Nov_02
14,Blue,Nov_02
15,Green,Nov_02
15,Red,Nov_02
15,Blue,Nov_02
16,Green,Nov_02
16,Red,Nov_02
16,Blue,Nov_02
1,Green,Nov_07
1,Red,Nov_07
1,Blue,Nov_07
2,Green,Nov_07
2,Red,Nov_07
2,Blue,Nov_07
3,Green,Nov_07
3,Red,Nov_07
3,Blue,Nov_07
4,Green,Nov_07
4,Red,Nov_07
4,Blue,Nov_07
5,Green,Nov_07
5,Red,Nov_07
5,Blue,Nov_07
6,Green,Nov_07
6,Red,Nov_07
6,Blue,Nov_07
7,Green,Nov_07
7,Red,Nov_07
7,Blue,Nov_07
9,Green,Nov_07
9,Red,Nov_07
9,Blue,Nov_07
10,Green,Nov_07
10,Red,Nov_07
10,Blue,Nov_07
11,Green,Nov_07
11,Red,Nov_07
11,Blue,Nov_07
12,Green,Nov_07
12,Red,Nov_07
12,Blue,Nov_07
13,Green,Nov_07
13,Red,Nov_07
13,Blue,Nov_07
14,Green,Nov_07
14,Red,Nov_07
14,Blue,Nov_07
15,Green,Nov_07
15,Red,Nov_07
15,Blue,Nov_07
16,Green,Nov_07
16,Red,Nov_07
16,Blue,Nov_07
1,Green,Nov_11
1,Red,Nov_11
1,Blue,Nov_11
2,Green,Nov_11
2,Red,Nov_11
2,Blue,Nov_11
3,Green,Nov_11
3,Red,Nov_11
3,Blue,Nov_11
4,Green,Nov_11
4,Red,Nov_11
4,Blue,Nov_11
5,Green,Nov_11
5,Red,Nov_11
5,Blue,Nov_11
6,Green,Nov_11
6,Red,Nov_11
6,Blue,Nov_11
7,Green,Nov_11
7,Red,Nov_11
7,Blue,Nov_11
9,Green,Nov_11
9,Red,Nov_11
9,Blue,Nov_11
10,Green,Nov_11
10,Red,Nov_11
10,Blue,Nov_11
11,Green,Nov_11
11,Red,Nov_11
11,Blue,Nov_11
12,Green,Nov_11
12,Red,Nov_11
12,Blue,Nov_11
13,Green,Nov_11
13,Red,Nov_11
13,Blue,Nov_11
14,Green,Nov_11
14,Red,Nov_11
14,Blue,Nov_11
15,Green,Nov_11
15,Red,Nov_11
15,Blue,Nov_11
16,Green,Nov_11
16,Red,Nov_11
16,Blue,Nov_11
1,Green,Nov_14
1,Red,Nov_14
1,Blue,Nov_14
2,Green,Nov_14
2,Red,Nov_14
2,Blue,Nov_14
3,Green,Nov_14
3,Red,Nov_14
3,Blue,Nov_14
4,Green,Nov_14
4,Red,Nov_14
4,Blue,Nov_14
5,Green,Nov_14
5,Red,Nov_14
5,Blue,Nov_14
6,Green,Nov_14
6,Red,Nov_14
6,Blue,Nov_14
7,Green,Nov_14
7,Red,Nov_14
7,Blue,Nov_14
9,Green,Nov_14
9,Red,Nov_14
9,Blue,Nov_14
10,Green,Nov_14
10,Red,Nov_14
10,Blue,Nov_14
11,Green,Nov_14
11,Red,Nov_14
11,Blue,Nov_14
12,Green,Nov_14
12,Red,Nov_14
12,Blue,Nov_14
13,Green,Nov_14
13,Red,Nov_14
13,Blue,Nov_14
14,Green,Nov_14
14,Red,Nov_14
14,Blue,Nov_14
15,Green,Nov_14
15,Red,Nov_14
15,Blue,Nov_14
16,Green,Nov_14
16,Red,Nov_14
16,Blue,Nov_14
1,Green,Nov_17
1,Red,Nov_17
1,Blue,Nov_17
2,Green,Nov_17
2,Red,Nov_17
2,Blue,Nov_17
3,Green,Nov_17
3,Red,Nov_17
3,Blue,Nov_17
4,Green,Nov_17
4,Red,Nov_17
4,Blue,Nov_17
5,Green,Nov_17
5,Red,Nov_17
5,Blue,Nov_17
6,Green,Nov_17
6,Red,Nov_17
6,Blue,Nov_17
7,Green,Nov_17
7,Red,Nov_17
7,Blue,Nov_17
9,Green,Nov_17
9,Red,Nov_17
9,Blue,Nov_17
10,Green,Nov_17
10,Red,Nov_17
10,Blue,Nov_17
11,Green,Nov_17
11,Red,Nov_17
11,Blue,Nov_17
12,Green,Nov_17
12,Red,Nov_17
12,Blue,Nov_17
13,Green,Nov_17
13,Red,Nov_17
13,Blue,Nov_17
14,Green,Nov_17
14,Red,Nov_17
14,Blue,Nov_17
15,Green,Nov_17
15,Red,Nov_17
15,Blue,Nov_17
16,Green,Nov_17
16,Red,Nov_17
16,Blue,Nov_17
1,Green,Nov_20
1,Red,Nov_20
1,Blue,Nov_20
2,Green,Nov_20
2,Red,Nov_20
2,Blue,Nov_20
3,Green,Nov_20
3,Red,Nov_20
3,Blue,Nov_20
4,Green,Nov_20
4,Red,Nov_20
4,Blue,Nov_20
5,Green,Nov_20
5,Red,Nov_20
5,Blue,Nov_20
6,Green,Nov_20
6,Red,Nov_20
6,Blue,Nov_20
7,Green,Nov_20
7,Red,Nov_20
7,Blue,Nov_20
9,Green,Nov_20
9,Red,Nov_20
9,Blue,Nov_20
10,Green,Nov_20
10,Red,Nov_20
10,Blue,Nov_20
11,Green,Nov_20
11,Red,Nov_20
11,Blue,Nov_20
12,Green,Nov_20
12,Red,Nov_20
12,Blue,Nov_20
13,Green,Nov_20
13,Red,Nov_20
13,Blue,Nov_20
14,Green,Nov_20
14,Red,Nov_20
14,Blue,Nov_20
15,Green,Nov_20
15,Red,Nov_20
15,Blue,Nov_20
16,Green,Nov_20
16,Red,Nov_20
16,Blue,Nov_20
1,Green,Nov_24
1,Red,Nov_24
1,Blue,Nov_24
2,Green,Nov_24
2,Red,Nov_24
2,Blue,Nov_24
3,Green,Nov_24
3,Red,Nov_24
3,Blue,Nov_24
4,Green,Nov_24
4,Red,Nov_24
4,Blue,Nov_24
5,Green,Nov_24
5,Red,Nov_24
5,Blue,Nov_24
6,Green,Nov_24
6,Red,Nov_24
6,Blue,Nov_24
7,Green,Nov_24
7,Red,Nov_24
7,Blue,Nov_24
9,Green,Nov_24
9,Red,Nov_24
9,Blue,Nov_24
10,Green,Nov_24
10,Red,Nov_24
10,Blue,Nov_24
11,Green,Nov_24
11,Red,Nov_24
11,Blue,Nov_24
12,Green,Nov_24
12,Red,Nov_24
12,Blue,Nov_24
13,Green,Nov_24
13,Red,Nov_24
13,Blue,Nov_24
14,Green,Nov_24
14,Red,Nov_24
14,Blue,Nov_24
15,Green,Nov_24
15,Red,Nov_24
15,Blue,Nov_24
16,Green,Nov_24
16,Red,Nov_24
16,Blue,Nov_24
1,Green,Nov_25
1,Red,Nov_25
1,Blue,Nov_25
2,Green,Nov_25
2,Red,Nov_25
2,Blue,Nov_25
3,Green,Nov_25
3,Red,Nov_25
3,Blue,Nov_25
4,Green,Nov_25
4,Red,Nov_25
4,Blue,Nov_25
5,Green,Nov_25
5,Red,Nov_25
5,Blue,Nov_25
6,Green,Nov_25
6,Red,Nov_25
6,Blue,Nov_25
7,Green,Nov_25
7,Red,Nov_25
7,Blue,Nov_25
9,Green,Nov_25
9,Red,Nov_25
9,Blue,Nov_25
10,Green,Nov_25
10,Red,Nov_25
10,Blue,Nov_25
11,Green,Nov_25
11,Red,Nov_25
11,Blue,Nov_25
12,Green,Nov_25
12,Red,Nov_25
12,Blue,Nov_25
13,Green,Nov_25
13,Red,Nov_25
13,Blue,Nov_25
14,Green,Nov_25
14,Red,Nov_25
14,Blue,Nov_25
15,Green,Nov_25
15,Red,Nov_25
15,Blue,Nov_25
16,Green,Nov_25
16,Red,Nov_25
16,Blue,Nov_25
