Tank,Treatment,Ploidy,Tag colour,Tag num,Shell Height,Mass,Time
11,80,3M,Red,,54.52,10.3,1_start
11,80,3M,Red,,34.83,5.2,1_start
11,80,3M,Red,,49.77,5.9,1_start
11,80,3M,Red,,55.39,11.3,1_start
11,80,3M,Red,,44.23,6.6,1_start
11,80,3M,Red,,57.77,13.2,1_start
11,80,3M,Red,,59.06,9.7,1_start
11,80,3M,Red,,41.66,7.5,1_start
11,80,3M,Red,,48.31,7.7,1_start
11,80,3M,Red,,56.17,11.4,1_start
11,80,3M,Red,,55.76,13.6,1_start
11,80,3M,Red,,53.6,6.8,1_start
11,80,3M,Red,,53.96,11,1_start
11,80,3M,Red,,39.86,5.6,1_start
11,80,3M,Red,,39.86,4.1,1_start
11,80,3M,Red,,40.71,6.7,1_start
11,80,3M,Red,,51.45,6.2,1_start
11,80,3M,Red,,39.87,5,1_start
11,80,3M,Red,,38.54,4.1,1_start
11,80,3M,Red,,31.29,3.6,1_start
11,80,3M,Red (white tag),51,49.43,6,1_start
11,80,3M,Red (white tag),52,66.87,18.5,1_start
11,80,3M,Red (white tag),53,57.84,11.6,1_start
11,80,3M,Red (white tag),54,37.52,5.1,1_start
11,80,3M,Red (white tag),55,54.24,8.7,1_start
11,80,3M,Red (white tag),56,55.36,9.5,1_start
11,80,3M,Red (white tag),57,45.01,6.5,1_start
11,80,3M,Red (white tag),58,51.14,8.9,1_start
11,80,3M,Red (white tag),59,45.03,6.8,1_start
11,80,3M,Red (white tag),60,58.5,14,1_start
11,80,3C,Blue,,21.79,1.3,1_start
11,80,3C,Blue,,41.8,5.6,1_start
11,80,3C,Blue,,31.54,2.6,1_start
11,80,3C,Blue,,25.53,2.4,1_start
11,80,3C,Blue,,35.62,2.6,1_start
11,80,3C,Blue,,33.04,2.2,1_start
11,80,3C,Blue,,30.5,2.1,1_start
11,80,3C,Blue,,33.58,3.5,1_start
11,80,3C,Blue,,33.38,3.6,1_start
11,80,3C,Blue,,40.07,5.2,1_start
11,80,3C,Blue,,36.21,3.1,1_start
11,80,3C,Blue,,35.43,3.6,1_start
11,80,3C,Blue,,36.56,3.8,1_start
11,80,3C,Blue,,36.77,3.6,1_start
11,80,3C,Blue,,33.91,3.1,1_start
11,80,3C,Blue,,23.3,1.1,1_start
11,80,3C,Blue,,24.58,1.8,1_start
11,80,3C,Blue,,24.51,1.4,1_start
11,80,3C,Blue,,26.52,2.2,1_start
11,80,3C,Blue,,23.23,1.6,1_start
11,80,3C,Blue+White,61,40.13,4.2,1_start
11,80,3C,Blue+White,62,34.4,2.3,1_start
11,80,3C,Blue+White,63,34.4,3.7,1_start
11,80,3C,Blue+White,64,31.71,3.1,1_start
11,80,3C,Blue+White,65,34.96,3.5,1_start
11,80,3C,Blue+White,66,36.64,3.7,1_start
11,80,3C,Blue+White,67,32.64,2.1,1_start
11,80,3C,Blue+White,68,39.81,4,1_start
11,80,3C,Blue+White,69,49.31,7.9,1_start
11,80,3C,Blue+White,70,44.67,4,1_start
11,80,2M,Green,,39.58,3.7,1_start
11,80,2M,Green,,27.71,1.8,1_start
11,80,2M,Green,,29.36,2.9,1_start
11,80,2M,Green,,22.01,1.1,1_start
11,80,2M,Green,,32.54,2.4,1_start
11,80,2M,Green,,31.6,3.8,1_start
11,80,2M,Green,,28.86,1.9,1_start
11,80,2M,Green,,40.63,4.7,1_start
11,80,2M,Green,,47.33,4.4,1_start
11,80,2M,Green,,24.46,1.3,1_start
11,80,2M,Green,,36.42,3.3,1_start
11,80,2M,Green,,27.11,1.7,1_start
11,80,2M,Green,,32.52,2.4,1_start
11,80,2M,Green,,41.79,4.3,1_start
11,80,2M,Green,,29.91,2.2,1_start
11,80,2M,Green,,36.23,2.6,1_start
11,80,2M,Green,,34.21,3.2,1_start
11,80,2M,Green,,34.21,3.1,1_start
11,80,2M,Green,,37.24,3.8,1_start
11,80,2M,Green,,19.66,2.2,1_start
11,80,2M,Green+White,71,56.64,7.1,1_start
11,80,2M,Green+White,72,45.98,7.4,1_start
11,80,2M,Green+White,73,39.61,3,1_start
11,80,2M,Green+White,74,40.6,5.1,1_start
11,80,2M,Green+White,75,38.83,4,1_start
11,80,2M,Green+White,76,34.39,3.5,1_start
11,80,2M,Green+White,77,40.52,3.6,1_start
11,80,2M,Green+White,78,40.46,4.1,1_start
11,80,2M,Green+White,79,36.65,6.2,1_start
11,80,2M,Green+White,80,29.3,2.4,1_start
13,80,2M,Green+White,81,48.78,6.6,1_start
13,80,2M,Green+White,82,45.31,6.4,1_start
13,80,2M,Green+White,83,47.9,4.5,1_start
13,80,2M,Green+White,84,58.26,5.7,1_start
13,80,2M,Green+White,85,52.48,4.9,1_start
13,80,2M,Green+White,86,42.78,6.7,1_start
13,80,2M,Green+White,87,53.58,7.8,1_start
13,80,2M,Green+White,88,41.58,4.2,1_start
13,80,2M,Green+White,89,48.04,5.3,1_start
13,80,2M,Green+White,91,35.98,3.6,1_start
13,80,2M,Green,,40.99,5.2,1_start
13,80,2M,Green,,42.17,3.7,1_start
13,80,2M,Green,,29.74,2.1,1_start
13,80,2M,Green,,33.92,2.6,1_start
13,80,2M,Green,,31.5,3.2,1_start
13,80,2M,Green,,32.49,1.8,1_start
13,80,2M,Green,,40.79,3.8,1_start
13,80,2M,Green,,32.18,3.2,1_start
13,80,2M,Green,,34.29,2.6,1_start
13,80,2M,Green,,24.23,1.3,1_start
13,80,2M,Green,,29.06,1.7,1_start
13,80,2M,Green,,33.29,2.5,1_start
13,80,2M,Green,,43.95,4.8,1_start
13,80,2M,Green,,28.76,1.9,1_start
13,80,2M,Green,,26.6,1.6,1_start
13,80,2M,Green,,31.03,2.3,1_start
13,80,2M,Green,,30.27,2.1,1_start
13,80,2M,Green,,21.89,0.9,1_start
13,80,2M,Green,,25.46,1.8,1_start
13,80,2M,Green,,33.16,2.2,1_start
13,80,3C,Blue,,52.19,7.8,1_start
13,80,3C,Blue,,36.77,3.8,1_start
13,80,3C,Blue,,50.58,5.8,1_start
13,80,3C,Blue,,44.24,9.3,1_start
13,80,3C,Blue,,30.45,3.9,1_start
13,80,3C,Blue,,54.8,8.9,1_start
13,80,3C,Blue,,46.77,6.5,1_start
13,80,3C,Blue,,54.74,10.4,1_start
13,80,3C,Blue,,33.88,3.3,1_start
13,80,3C,Blue,,30.97,2.3,1_start
13,80,3C,Blue,,31.63,3.1,1_start
13,80,3C,Blue,,33.45,3.3,1_start
13,80,3C,Blue,,29.46,1.9,1_start
13,80,3C,Blue,,28.14,2.7,1_start
13,80,3C,Blue,,26.26,2.1,1_start
13,80,3C,Blue,,32.79,2.4,1_start
13,80,3C,Blue,,48.29,9.1,1_start
13,80,3C,Blue,,30.78,2.2,1_start
13,80,3C,Blue,,31.47,3.2,1_start
13,80,3C,Blue,,23.17,1.4,1_start
13,80,3C,Blue+White,92,34.94,3.1,1_start
13,80,3C,Blue+White,93,38.02,4.7,1_start
13,80,3C,Blue+White,94,37.68,3.2,1_start
13,80,3C,Blue+White,95,34.89,3.6,1_start
13,80,3C,Blue+White,96,37.22,3.6,1_start
13,80,3C,Blue+White,97,40.59,5,1_start
13,80,3C,Blue+White,98,36.15,2.9,1_start
13,80,3C,Blue+White,99,44.73,4.8,1_start
13,80,3C,Blue+White,100,43.3,5.9,1_start
13,80,3C,Blue+Yellow,1,40.62,4.4,1_start
13,80,3M,Red,,59.61,12.3,1_start
13,80,3M,Red,,31.15,2.3,1_start
13,80,3M,Red,,38.66,4.7,1_start
13,80,3M,Red,,55.55,10.2,1_start
13,80,3M,Red,,61.83,9.5,1_start
13,80,3M,Red,,40.25,5.5,1_start
13,80,3M,Red,,46.96,9.3,1_start
13,80,3M,Red,,49.93,10.7,1_start
13,80,3M,Red,,49.2,6.5,1_start
13,80,3M,Red,,36.36,3.3,1_start
13,80,3M,Red,,40.17,3.9,1_start
13,80,3M,Red,,42.17,6.4,1_start
13,80,3M,Red,,30.32,4.6,1_start
13,80,3M,Red,,35.47,5.9,1_start
13,80,3M,Red,,33.81,4.7,1_start
13,80,3M,Red,,38.49,6,1_start
13,80,3M,Red,,40.32,5.9,1_start
13,80,3M,Red,,32.07,3.4,1_start
13,80,3M,Red,,43.72,7.5,1_start
13,80,3M,Red,,46.39,6.5,1_start
13,80,3M,Red+Yellow,2,37.08,4,1_start
13,80,3M,Red+Yellow,3,46.26,8.9,1_start
13,80,3M,Red+Yellow,4,60.29,9.8,1_start
13,80,3M,Red+Yellow,5,43.27,7,1_start
13,80,3M,Red+Yellow,6,37.22,3.6,1_start
13,80,3M,Red+Yellow,7,50.96,9,1_start
13,80,3M,Red+Yellow,8,32.22,4.3,1_start
13,80,3M,Red+Yellow,9,31.17,4.4,1_start
13,80,3M,Red+Yellow,10,47.45,6.7,1_start
13,80,3M,Red+Yellow,11,49.57,8.6,1_start
2,40,3M,Red,,44.21,9.5,1_start
2,40,3M,Red,,30.86,4,1_start
2,40,3M,Red,,57.22,9.8,1_start
2,40,3M,Red,,33.05,4,1_start
2,40,3M,Red,,39.34,4.7,1_start
2,40,3M,Red,,31.4,2.6,1_start
2,40,3M,Red,,52.99,9.1,1_start
2,40,3M,Red,,52.11,7.9,1_start
2,40,3M,Red,,40.05,5.5,1_start
2,40,3M,Red,,32.16,2.6,1_start
2,40,3M,Red,,39.53,5.7,1_start
2,40,3M,Red,,51.98,4.9,1_start
2,40,3M,Red,,45.4,8.9,1_start
2,40,3M,Red,,39.96,5.4,1_start
2,40,3M,Red,,27.68,2.6,1_start
2,40,3M,Red,,42.13,7.7,1_start
2,40,3M,Red,,62.29,14.4,1_start
2,40,3M,Red,,41.01,7.3,1_start
2,40,3M,Red,,59.44,12.5,1_start
2,40,3M,Red,,42.72,4.2,1_start
2,40,3M,Red,1,45.26,6.8,1_start
2,40,3M,Red,2,47.1,7.7,1_start
2,40,3M,Red,3,51.77,8.4,1_start
2,40,3M,Red,4,42.74,7.9,1_start
2,40,3M,Red,5,45.31,6.3,1_start
2,40,3M,Red,6,27.14,2.5,1_start
2,40,3M,Red,7,27.97,2.4,1_start
2,40,3M,Red,8,48.31,6.8,1_start
2,40,3M,Red,9,39.37,5.8,1_start
2,40,3M,Red,10,35.69,3,1_start
2,40,2M,Green,,44.04,6.3,1_start
2,40,2M,Green,,44.6,5.3,1_start
2,40,2M,Green,,41.26,2.9,1_start
2,40,2M,Green,,39.72,3.9,1_start
2,40,2M,Green,,26.86,1.6,1_start
2,40,2M,Green,,29.37,1.9,1_start
2,40,2M,Green,,26.52,1.4,1_start
2,40,2M,Green,,28.19,1.8,1_start
2,40,2M,Green,,40.51,5.4,1_start
2,40,2M,Green,,41.32,4.1,1_start
2,40,2M,Green,,45.01,4.2,1_start
2,40,2M,Green,,24.62,1.8,1_start
2,40,2M,Green,,45.67,3.9,1_start
2,40,2M,Green,,30.51,3.7,1_start
2,40,2M,Green,,37.49,2.9,1_start
2,40,2M,Green,,25.66,1.7,1_start
2,40,2M,Green,,49.62,7,1_start
2,40,2M,Green,,24.5,1.7,1_start
2,40,2M,Green,,22.3,1.5,1_start
2,40,2M,Green,,23.09,0.9,1_start
2,40,2M,Green,1,42.49,4.9,1_start
2,40,2M,Green,2,30.5,2.4,1_start
2,40,2M,Green,3,33.09,3.4,1_start
2,40,2M,Green,4,52.36,5.1,1_start
2,40,2M,Green,5,31.55,2.1,1_start
2,40,2M,Green,6,36.64,3.4,1_start
2,40,2M,Green,7,43.8,5.5,1_start
2,40,2M,Green,8,46.46,6.3,1_start
2,40,2M,Green,9,33.21,2.5,1_start
2,40,2M,Green,10,40.02,5.5,1_start
2,40,3C,Blue,,24.24,1.8,1_start
2,40,3C,Blue,,30.64,3.1,1_start
2,40,3C,Blue,,31.81,2.7,1_start
2,40,3C,Blue,,30.32,2.4,1_start
2,40,3C,Blue,,24.3,1.2,1_start
2,40,3C,Blue,,52.06,10.2,1_start
2,40,3C,Blue,,25.59,1.3,1_start
2,40,3C,Blue,,44.32,6.5,1_start
2,40,3C,Blue,,30.24,1.8,1_start
2,40,3C,Blue,,35.67,5.5,1_start
2,40,3C,Blue,,35.62,3,1_start
2,40,3C,Blue,,54.63,10,1_start
2,40,3C,Blue,,27.94,1.9,1_start
2,40,3C,Blue,,21.98,0.9,1_start
2,40,3C,Blue,,29.87,2.1,1_start
2,40,3C,Blue,,51.43,7.7,1_start
2,40,3C,Blue,,29.78,1.8,1_start
2,40,3C,Blue,,30.57,2.4,1_start
2,40,3C,Blue,,26.09,1.4,1_start
2,40,3C,Blue,,33.4,2.8,1_start
2,40,3C,Blue+Yellow,12,33.57,3.5,1_start
2,40,3C,Blue+Yellow,13,38.4,3.3,1_start
2,40,3C,Blue+Yellow,14,36.96,3.5,1_start
2,40,3C,Blue+Yellow,15,36.79,4.2,1_start
2,40,3C,Blue+Yellow,16,36.78,5.7,1_start
2,40,3C,Blue+Yellow,17,35.99,3,1_start
2,40,3C,Blue+Yellow,18,38.13,6.2,1_start
2,40,3C,Blue+Yellow,19,37.96,3.7,1_start
2,40,3C,Blue+Yellow,20,31.99,3,1_start
2,40,3C,Blue+Yellow,21,32.37,4.2,1_start
4,20,3M,Red,,12.9,7.2,1_start
4,20,3M,Red,,58.96,14.4,1_start
4,20,3M,Red,,52.66,11.1,1_start
4,20,3M,Red,,37.66,3.9,1_start
4,20,3M,Red,,53.7,5.9,1_start
4,20,3M,Red,,44.08,6.1,1_start
4,20,3M,Red,,46.83,9.6,1_start
4,20,3M,Red,,33.02,3.5,1_start
4,20,3M,Red,,44.99,6.9,1_start
4,20,3M,Red,,46.52,6.5,1_start
4,20,3M,Red,,61.98,16.2,1_start
4,20,3M,Red,,48.7,7.4,1_start
4,20,3M,Red,,35.19,4.3,1_start
4,20,3M,Red,,60.6,12.2,1_start
4,20,3M,Red,,37.97,3.4,1_start
4,20,3M,Red,,29.25,2.8,1_start
4,20,3M,Red,,63.8,19.1,1_start
4,20,3M,Red,,55.95,10.2,1_start
4,20,3M,Red,,50.45,5.7,1_start
4,20,3M,Red,,66.39,12.9,1_start
4,20,3M,Red,11,53.93,10.3,1_start
4,20,3M,Red,12,54.55,10.1,1_start
4,20,3M,Red,13,40.04,5.1,1_start
4,20,3M,Red,14,42.73,5.6,1_start
4,20,3M,Red,15,36.34,4.4,1_start
4,20,3M,Red,16,41.55,6.1,1_start
4,20,3M,Red,17,40.73,5.7,1_start
4,20,3M,Red,18,43.66,8.3,1_start
4,20,3M,Red,19,47.06,7.6,1_start
4,20,3M,Red,20,60.3,14.6,1_start
4,20,3C,Blue,,23.48,1.9,1_start
4,20,3C,Blue,,32.22,2.8,1_start
4,20,3C,Blue,,25.71,1.5,1_start
4,20,3C,Blue,,32.9,4.1,1_start
4,20,3C,Blue,,29.35,2.1,1_start
4,20,3C,Blue,,33.21,4.1,1_start
4,20,3C,Blue,,30.9,2.2,1_start
4,20,3C,Blue,,34.05,3.6,1_start
4,20,3C,Blue,,31.03,2.7,1_start
4,20,3C,Blue,,33.11,3.7,1_start
4,20,3C,Blue,,52.68,7.8,1_start
4,20,3C,Blue,,32.6,4.4,1_start
4,20,3C,Blue,,29.25,2.6,1_start
4,20,3C,Blue,,27.44,2.6,1_start
4,20,3C,Blue,,38.69,3.5,1_start
4,20,3C,Blue,,34.08,3.5,1_start
4,20,3C,Blue,,26.82,1.3,1_start
4,20,3C,Blue,,41.25,3.6,1_start
4,20,3C,Blue,,29.13,1.9,1_start
4,20,3C,Blue,,50.67,4.9,1_start
4,20,3C,Blue,1,36.04,4.1,1_start
4,20,3C,Blue,2,44.57,4.9,1_start
4,20,3C,Blue,3,53.16,9.6,1_start
4,20,3C,Blue,4,31.41,2.6,1_start
4,20,3C,Blue,5,30.6,3.5,1_start
4,20,3C,Blue,6,38.76,5.2,1_start
4,20,3C,Blue,7,36.59,4.4,1_start
4,20,3C,Blue,8,35.52,3.5,1_start
4,20,3C,Blue,9,36.61,4,1_start
4,20,3C,Blue,10,46.55,7.6,1_start
4,20,2M,Green,,30.49,2.4,1_start
4,20,2M,Green,,23.31,1.6,1_start
4,20,2M,Green,,26.76,2.2,1_start
4,20,2M,Green,,55.26,9.7,1_start
4,20,2M,Green,,56.3,9,1_start
4,20,2M,Green,,45.23,6.6,1_start
4,20,2M,Green,,29.72,2.8,1_start
4,20,2M,Green,,31.49,2.1,1_start
4,20,2M,Green,,28.03,1.9,1_start
4,20,2M,Green,,32.3,2.2,1_start
4,20,2M,Green,,34.74,2.9,1_start
4,20,2M,Green,,28.08,1.7,1_start
4,20,2M,Green,,37.21,3.5,1_start
4,20,2M,Green,,26.19,1.7,1_start
4,20,2M,Green,,36.2,3.6,1_start
4,20,2M,Green,,30.74,1.8,1_start
4,20,2M,Green,,29.51,1.7,1_start
4,20,2M,Green,,39.27,3.2,1_start
4,20,2M,Green,,23.05,1.5,1_start
4,20,2M,Green+Yellow,22,34.87,3.3,1_start
4,20,2M,Green+Yellow,23,47.52,5,1_start
4,20,2M,Green+Yellow,24,33.24,3.3,1_start
4,20,2M,Green+Yellow,25,40.65,2.9,1_start
4,20,2M,Green+Yellow,26,47.36,4.4,1_start
4,20,2M,Green+Yellow,27,46.77,6.3,1_start
4,20,2M,Green+Yellow,28,41.09,4.3,1_start
4,20,2M,Green+Yellow,29,38.71,3.9,1_start
4,20,2M,Green+Yellow,30,36.57,2.9,1_start
4,20,2M,Green+Yellow,31,35.93,3.4,1_start
14,60,3M,Red,,49.51,10.9,1_start
14,60,3M,Red,,43.56,9.1,1_start
14,60,3M,Red,,51.35,9,1_start
14,60,3M,Red,,40.58,6.1,1_start
14,60,3M,Red,,44.89,7.6,1_start
14,60,3M,Red,,45.43,5.6,1_start
14,60,3M,Red,,58.58,14.9,1_start
14,60,3M,Red,,45.29,10.1,1_start
14,60,3M,Red,,39.11,6.2,1_start
14,60,3M,Red,,46.77,7.8,1_start
14,60,3M,Red,,55.32,11.1,1_start
14,60,3M,Red,,56.17,9.9,1_start
14,60,3M,Red,,42.4,6.9,1_start
14,60,3M,Red,,52.56,8.7,1_start
14,60,3M,Red,,43.92,6.3,1_start
14,60,3M,Red,,49.6,9.3,1_start
14,60,3M,Red,,38.06,4.3,1_start
14,60,3M,Red,,41.9,6.3,1_start
14,60,3M,Red,,45.08,5,1_start
14,60,3M,Red,,29.94,2,1_start
14,60,3M,Red,21,34.69,2.8,1_start
14,60,3M,Red,22,32.66,3.9,1_start
14,60,3M,Red,23,50.24,7.4,1_start
14,60,3M,Red,24,34.07,4.7,1_start
14,60,3M,Red,25,52.81,8.2,1_start
14,60,3M,Red,26,41.52,4.7,1_start
14,60,3M,Red,27,45.74,9.9,1_start
14,60,3M,Red,28,33.63,2.6,1_start
14,60,3M,Red,29,44.22,6.5,1_start
14,60,3M,Red,30,41.13,6.2,1_start
14,60,2M,Green,,26.64,1.7,1_start
14,60,2M,Green,,29.15,2.3,1_start
14,60,2M,Green,,24.62,1.3,1_start
14,60,2M,Green,,29.28,2.2,1_start
14,60,2M,Green,,22.22,1.1,1_start
14,60,2M,Green,,40.58,3.9,1_start
14,60,2M,Green,,52.6,7.4,1_start
14,60,2M,Green,,31.77,2,1_start
14,60,2M,Green,,25.61,1.7,1_start
14,60,2M,Green,,22.21,1.1,1_start
14,60,2M,Green,,29.13,2.2,1_start
14,60,2M,Green,,30.01,2,1_start
14,60,2M,Green,,23.34,1.3,1_start
14,60,2M,Green,,32.01,2.4,1_start
14,60,2M,Green,,23.57,1.3,1_start
14,60,2M,Green,,38.04,3,1_start
14,60,2M,Green,,55.66,6.9,1_start
14,60,2M,Green,,33.71,3.3,1_start
14,60,2M,Green,,37.55,3,1_start
14,60,2M,Green,,35.6,2.9,1_start
14,60,2M,green+yellow,32,37.81,3.2,1_start
14,60,2M,green+yellow,33,38.57,3.5,1_start
14,60,2M,green+yellow,34,37.52,3.7,1_start
14,60,2M,green+yellow,35,45.86,4.5,1_start
14,60,2M,green+yellow,36,36.83,4.1,1_start
14,60,2M,green+yellow,37,39.92,3.6,1_start
14,60,2M,green+yellow,38,47.67,7,1_start
14,60,2M,green+yellow,39,36.36,3.7,1_start
14,60,2M,green+yellow,40,34.43,2.9,1_start
14,60,2M,green+yellow,41,31.62,2.1,1_start
14,60,3C,Blue,,41.6,3.9,1_start
14,60,3C,Blue,,44.92,6.2,1_start
14,60,3C,Blue,,33.39,2.9,1_start
14,60,3C,Blue,,30.98,2.9,1_start
14,60,3C,Blue,,22.63,1.4,1_start
14,60,3C,Blue,,42.7,5.8,1_start
14,60,3C,Blue,,30.03,2.6,1_start
14,60,3C,Blue,,17.06,0.7,1_start
14,60,3C,Blue,,30.69,3,1_start
14,60,3C,Blue,,24.29,1.7,1_start
14,60,3C,Blue,,36.37,3.4,1_start
14,60,3C,Blue,,33.94,3.5,1_start
14,60,3C,Blue,,46.96,7,1_start
14,60,3C,Blue,,25.5,1.9,1_start
14,60,3C,Blue,,25.69,1.6,1_start
14,60,3C,Blue,,28.16,3,1_start
14,60,3C,Blue,,26.22,2.5,1_start
14,60,3C,Blue,,22.89,1.2,1_start
14,60,3C,Blue,,21.43,1.1,1_start
14,60,3C,Blue,,33.33,3.8,1_start
14,60,3C,Blue,,22.97,1.4,1_start
14,60,3C,Blue,12,31.9,3.2,1_start
14,60,3C,Blue,13,22.35,1,1_start
14,60,3C,Blue,14,21.58,1.4,1_start
14,60,3C,Blue,15,25.96,2.2,1_start
14,60,3C,Blue,16,27.46,1.8,1_start
14,60,3C,Blue,17,42.35,5.7,1_start
14,60,3C,Blue,18,28.99,1.8,1_start
14,60,3C,Blue,19,24.28,2,1_start
14,60,3C,Blue,20,38.11,4,1_start
17,100,3C,Blue,,41.44,5.3,1_start
17,100,3C,Blue,,17.95,1.2,1_start
17,100,3C,Blue,,26.17,1.4,1_start
17,100,3C,Blue,,36.05,3.3,1_start
17,100,3C,Blue,,29.13,3.2,1_start
17,100,3C,Blue,,25.17,1,1_start
17,100,3C,Blue,,32.93,3.3,1_start
17,100,3C,Blue,,27.69,2,1_start
17,100,3C,Blue,,38.81,5.5,1_start
17,100,3C,Blue,,30.05,2.6,1_start
17,100,3C,Blue,,23.14,1.2,1_start
17,100,3C,Blue,,32.46,2.3,1_start
17,100,3C,Blue,,49.54,7.3,1_start
17,100,3C,Blue,,36.46,3.6,1_start
17,100,3C,Blue,,41.87,6,1_start
17,100,3C,Blue,,36.45,3.6,1_start
17,100,3C,Blue,,23.53,1.7,1_start
17,100,3C,Blue,,37.35,4.1,1_start
17,100,3C,Blue,,25.22,1.9,1_start
17,100,3C,Blue,,44.26,6.7,1_start
17,100,3C,Blue,21,48.65,6.4,1_start
17,100,3C,Blue,22,20.97,1.1,1_start
17,100,3C,Blue,23,40.06,3.9,1_start
17,100,3C,Blue,24,19.5,0.9,1_start
17,100,3C,Blue,25,36.2,3.8,1_start
17,100,3C,Blue,26,36.38,3.1,1_start
17,100,3C,Blue,27,25.81,1.8,1_start
17,100,3C,Blue,28,29.6,2.1,1_start
17,100,3C,Blue,29,26.78,1.6,1_start
17,100,3C,Blue,30,31.46,2.2,1_start
17,100,2M,Green,,42.27,5.6,1_start
17,100,2M,Green,,26.01,1.3,1_start
17,100,2M,Green,,18.44,0.7,1_start
17,100,2M,Green,,37.2,2.8,1_start
17,100,2M,Green,,36.02,3.5,1_start
17,100,2M,Green,,33.62,2.6,1_start
17,100,2M,Green,,30.21,4.3,1_start
17,100,2M,Green,,34.11,1.9,1_start
17,100,2M,Green,,33.21,0.8,1_start
17,100,2M,Green,,20.3,1.7,1_start
17,100,2M,Green,,23.58,1.2,1_start
17,100,2M,Green,,25.03,1.7,1_start
17,100,2M,Green,,26.87,1.6,1_start
17,100,2M,Green,,29.32,3.4,1_start
17,100,2M,Green,,36.9,1.2,1_start
17,100,2M,Green,,22.93,2.1,1_start
17,100,2M,Green,,31.21,3.4,1_start
17,100,2M,Green,,36,4.9,1_start
17,100,2M,Green,,37.2,3.8,1_start
17,100,2M,Green,20,44.1,4.1,1_start
17,100,2M,Green,19,33.84,2.6,1_start
17,100,2M,Green,18,28.67,1.8,1_start
17,100,2M,Green,17,52.34,6.5,1_start
17,100,2M,Green,16,25.29,1.6,1_start
17,100,2M,Green,15,38.54,4.8,1_start
17,100,2M,Green,14,28.84,1.9,1_start
17,100,2M,Green,13,35.66,2.7,1_start
17,100,2M,Green,12,20.99,1.1,1_start
17,100,2M,Green,11,29.08,2,1_start
17,100,3M,Red,,49.66,9,1_start
17,100,3M,Red,,35.94,4.9,1_start
17,100,3M,Red,,40.66,5.4,1_start
17,100,3M,Red,,39.49,4,1_start
17,100,3M,Red,,40.19,4,1_start
17,100,3M,Red,,57.34,8.3,1_start
17,100,3M,Red,,46.28,5.6,1_start
17,100,3M,Red,,40.31,7.5,1_start
17,100,3M,Red,,46.21,7.6,1_start
17,100,3M,Red,,56.06,10.4,1_start
17,100,3M,Red,,50.91,7.4,1_start
17,100,3M,Red,,49.02,7.7,1_start
17,100,3M,Red,,37.58,5,1_start
17,100,3M,Red,,49.28,8.5,1_start
17,100,3M,Red,,45.64,8,1_start
17,100,3M,Red,,46.05,5.6,1_start
17,100,3M,Red,,35.72,4.3,1_start
17,100,3M,Red,,44.04,5.2,1_start
17,100,3M,Red,,48.08,10.3,1_start
17,100,3M,Red,,69.22,13.9,1_start
17,100,3M,Red,31,54.63,10.2,1_start
17,100,3M,Red,32,43.86,7,1_start
17,100,3M,Red,33,41.12,6.1,1_start
17,100,3M,Red,34,55.05,11.2,1_start
17,100,3M,Red,35,38.74,3.6,1_start
17,100,3M,Red,36,33.19,2.8,1_start
17,100,3M,Red,37,50.42,9.7,1_start
17,100,3M,Red,38,44.76,6.4,1_start
17,100,3M,Red,39,42.76,6.5,1_start
17,100,3M,Red,41,49.04,7.8,1_start
18,60,3M,Red , ,33.25,3,1_start
18,60,3M,Red ,,35.03,3.2,1_start
18,60,3M,Red ,,42.14,8.1,1_start
18,60,3M,Red ,,44.07,7.3,1_start
18,60,3M,Red ,,39.94,4.6,1_start
18,60,3M,Red ,,49.23,5,1_start
18,60,3M,Red ,,51.71,12.7,1_start
18,60,3M,Red ,,42.92,4.7,1_start
18,60,3M,Red ,,39.61,6.7,1_start
18,60,3M,Red ,,33.08,2.7,1_start
18,60,3M,Red ,,35.23,5,1_start
18,60,3M,Red ,,33.42,3.9,1_start
18,60,3M,Red ,,39.96,4.5,1_start
18,60,3M,Red ,,31.93,3.6,1_start
18,60,3M,Red ,,54.13,8.8,1_start
18,60,3M,Red ,,39.56,3,1_start
18,60,3M,Red ,,44.78,8.7,1_start
18,60,3M,Red ,,57.04,5.8,1_start
18,60,3M,Red ,,33.37,4.2,1_start
18,60,3M,Red ,,36.06,3.2,1_start
18,60,3M,Red ,42,46.53,8.7,1_start
18,60,3M,Red ,43,62.81,13.3,1_start
18,60,3M,Red ,44,56.46,12.5,1_start
18,60,3M,Red ,45,38.9,4.6,1_start
18,60,3M,Red ,46,45.03,6.1,1_start
18,60,3M,Red ,47,36.25,4.1,1_start
18,60,3M,Red ,48,50.26,10.7,1_start
18,60,3M,Red ,49,52.24,11.5,1_start
18,60,3M,Red ,50,44.06,6.5,1_start
18,60,3M,Red ,51,28.37,1.8,1_start
18,60,2M,Green ,,33.22,3.2,1_start
18,60,2M,Green ,,31.58,2.3,1_start
18,60,2M,Green ,,27.05,1.4,1_start
18,60,2M,Green ,,28.77,1.8,1_start
18,60,2M,Green ,,26.52,1.4,1_start
18,60,2M,Green ,,32.87,2.6,1_start
18,60,2M,Green ,,25.19,1.4,1_start
18,60,2M,Green ,,40.28,2.4,1_start
18,60,2M,Green ,,41.29,3.9,1_start
18,60,2M,Green ,,37.71,4,1_start
18,60,2M,Green ,,23.61,1.2,1_start
18,60,2M,Green ,,26.18,2.2,1_start
18,60,2M,Green ,,30.47,3,1_start
18,60,2M,Green ,,28.52,1.7,1_start
18,60,2M,Green ,,50.86,10.5,1_start
18,60,2M,Green ,,37.49,2.7,1_start
18,60,2M,Green ,,26.57,1.3,1_start
18,60,2M,Green ,,25.5,1.4,1_start
18,60,2M,Green ,,19.02,0.7,1_start
18,60,2M,Green ,,24.19,1.6,1_start
18,60,2M,Green ,21,46.44,4.8,1_start
18,60,2M,Green ,22,24.19,1.4,1_start
18,60,2M,Green ,23,20.57,1.2,1_start
18,60,2M,Green ,24,25.02,1.7,1_start
18,60,2M,Green ,25,33.08,2.8,1_start
18,60,2M,Green ,26,30.68,2.5,1_start
18,60,2M,Green ,27,33.49,1.8,1_start
18,60,2M,Green ,28,33.33,3,1_start
18,60,2M,Green ,29,25.29,1.2,1_start
18,60,2M,Green ,30,28.07,2.3,1_start
18,60,3C,Blue,,26.1,2.3,1_start
18,60,3C,Blue,,28.86,2,1_start
18,60,3C,Blue,,33.76,3.1,1_start
18,60,3C,Blue,,47.26,8.4,1_start
18,60,3C,Blue,,25.34,1.6,1_start
18,60,3C,Blue,,38.62,4.6,1_start
18,60,3C,Blue,,32.33,4.7,1_start
18,60,3C,Blue,,43.24,6.3,1_start
18,60,3C,Blue,,34.31,4,1_start
18,60,3C,Blue,,30.5,2.5,1_start
18,60,3C,Blue,,28.25,2.7,1_start
18,60,3C,Blue,,32.9,2.7,1_start
18,60,3C,Blue,,23.79,1.4,1_start
18,60,3C,Blue,,34.7,3.2,1_start
18,60,3C,Blue,,27.43,2.1,1_start
18,60,3C,Blue,,18.79,0.8,1_start
18,60,3C,Blue,,21.62,1,1_start
18,60,3C,Blue,,26.47,1.9,1_start
18,60,3C,Blue,,25.85,1.6,1_start
18,60,3C,Blue,,15.42,0.6,1_start
18,60,3C,Blue,31,19.86,1.1,1_start
18,60,3C,Blue,32,22.37,1,1_start
18,60,3C,Blue,33,38.16,3.8,1_start
18,60,3C,Blue,34,31.29,2.6,1_start
18,60,3C,Blue,35,22.65,1.3,1_start
18,60,3C,Blue,36,23.83,1.8,1_start
18,60,3C,Blue,37,37.6,4.9,1_start
18,60,3C,Blue,38,36.68,4.1,1_start
18,60,3C,Blue,39,23.53,1.6,1_start
18,60,3C,Blue,40,30.2,2.7,1_start
20,20,3C,Blue,,22.53,1.6,1_start
20,20,3C,Blue,,20.75,1.1,1_start
20,20,3C,Blue,,24.99,1.3,1_start
20,20,3C,Blue,,35.24,4.7,1_start
20,20,3C,Blue,,43.88,2.7,1_start
20,20,3C,Blue,,31.93,2.3,1_start
20,20,3C,Blue,,30.23,2.3,1_start
20,20,3C,Blue,,27.66,1.5,1_start
20,20,3C,Blue,,23.27,3.1,1_start
20,20,3C,Blue,,34.05,3,1_start
20,20,3C,Blue,,36.41,2.4,1_start
20,20,3C,Blue,,26.99,2.6,1_start
20,20,3C,Blue,,28.93,3.2,1_start
20,20,3C,Blue,,29.49,3.4,1_start
20,20,3C,Blue,,34.52,2.7,1_start
20,20,3C,Blue,,33.74,2,1_start
20,20,3C,Blue,,28.85,4,1_start
20,20,3C,Blue,,37.28,4,1_start
20,20,3C,Blue,,20.64,0.8,1_start
20,20,3C,Blue,,39.38,4.7,1_start
20,20,3C,Blue,41,39.67,4,1_start
20,20,3C,Blue,42,31.68,2.6,1_start
20,20,3C,Blue,43,27.4,2,1_start
20,20,3C,Blue,44,33.68,2.3,1_start
20,20,3C,Blue,45,22.33,1.6,1_start
20,20,3C,Blue,46,31.02,2.9,1_start
20,20,3C,Blue,47,27.37,2.8,1_start
20,20,3C,Blue,48,26.78,2,1_start
20,20,3C,Blue,49,36.75,3.7,1_start
20,20,3C,Blue,50,36.55,4.1,1_start
20,20,3M,Red,,34.67,4,1_start
20,20,3M,Red,,52.4,11.6,1_start
20,20,3M,Red,,33.02,4,1_start
20,20,3M,Red,,24.91,1.5,1_start
20,20,3M,Red,,42.31,5.5,1_start
20,20,3M,Red,,55.67,10.7,1_start
20,20,3M,Red,,44.06,6.2,1_start
20,20,3M,Red,,34.59,3.6,1_start
20,20,3M,Red,,43.06,6.1,1_start
20,20,3M,Red,,47.55,5.3,1_start
20,20,3M,Red,,45.85,5.3,1_start
20,20,3M,Red,,39.3,4.3,1_start
20,20,3M,Red,,37.32,4.7,1_start
20,20,3M,Red,,43.12,5.5,1_start
20,20,3M,Red,,39.97,5.6,1_start
20,20,3M,Red,,35.32,3.3,1_start
20,20,3M,Red,,32.82,3.3,1_start
20,20,3M,Red,,45.98,12.3,1_start
20,20,3M,Red,,35.57,4,1_start
20,20,3M,Red,,49.24,9.8,1_start
20,20,3M,Red,52,50.55,9,1_start
20,20,3M,Red,53,27.65,3,1_start
20,20,3M,Red,54,51.71,7.4,1_start
20,20,3M,Red,55,44.96,8,1_start
20,20,3M,Red,56,30.17,3,1_start
20,20,3M,Red,57,44.55,5.7,1_start
20,20,3M,Red,58,53.87,8,1_start
20,20,3M,Red,59,46.23,9.1,1_start
20,20,3M,Red,60,43.29,8.8,1_start
20,20,3M,Red,61,35.72,3.6,1_start
20,20,3M,Green,,23.99,1.1,1_start
20,20,3M,Green,,31.83,2.1,1_start
20,20,3M,Green,,53.08,5.4,1_start
20,20,3M,Green,,33.47,2.6,1_start
20,20,3M,Green,,36.4,5.1,1_start
20,20,3M,Green,,31.36,1.5,1_start
20,20,3M,Green,,33.82,2.7,1_start
20,20,3M,Green,,40.19,3.9,1_start
20,20,3M,Green,,35.14,2.5,1_start
20,20,3M,Green,,25.37,1,1_start
20,20,3M,Green,,21.09,1.2,1_start
20,20,3M,Green,,29.29,1.7,1_start
20,20,3M,Green,,32.1,2.5,1_start
20,20,3M,Green,,30.55,2,1_start
20,20,3M,Green,,31.8,2.4,1_start
20,20,3M,Green,,42.29,4,1_start
20,20,3M,Green,,28.99,1.8,1_start
20,20,3M,Green,,26.9,1.7,1_start
20,20,3M,Green,,35.77,2.6,1_start
20,20,3M,Green,,28.29,1.6,1_start
20,20,3M,Green,31,28.19,1.8,1_start
20,20,3M,Green,32,52.71,6.4,1_start
20,20,3M,Green,33,36.08,2.2,1_start
20,20,3M,Green,34,27.41,1.6,1_start
20,20,3M,Green,35,47.37,6.6,1_start
20,20,3M,Green,36,27.53,1.1,1_start
20,20,3M,Green,37,34.03,3.2,1_start
20,20,3M,Green,38,40.14,2.7,1_start
20,20,3M,Green,39,26.18,3.3,1_start
20,20,3M,Green,40,28.37,2.2,1_start
16,40,3M,Red,62,39.26,3.7,1_start
16,40,3M,Red,63,42.36,9.4,1_start
16,40,3M,Red,64,34.33,3.6,1_start
16,40,3M,Red,65,38.69,5,1_start
16,40,3M,Red,66,44.52,10.3,1_start
16,40,3M,Red,67,40.01,3.1,1_start
16,40,3M,Red,68,35.5,4,1_start
16,40,3M,Red,69,59.83,13.2,1_start
16,40,3M,Red,70,51.08,10.1,1_start
16,40,3M,Red,80,41.17,5.5,1_start
16,40,3M,Red,,41.52,6.2,1_start
16,40,3M,Red,,43.62,5.7,1_start
16,40,3M,Red,,54.3,8.5,1_start
16,40,3M,Red,,43.51,8.5,1_start
16,40,3M,Red,,44.15,5.3,1_start
16,40,3M,Red,,32.41,3.5,1_start
16,40,3M,Red,,34.11,4.8,1_start
16,40,3M,Red,,41.84,4.6,1_start
16,40,3M,Red,,35.81,4.3,1_start
16,40,3M,Red,,36.93,5.7,1_start
16,40,3M,Red,,34.36,2.2,1_start
16,40,3M,Red,,38.86,4.8,1_start
16,40,3M,Red,,56.22,12.6,1_start
16,40,3M,Red,,36.13,5.8,1_start
16,40,3M,Red,,54.09,10.4,1_start
16,40,3M,Red,,52.67,7.3,1_start
16,40,3M,Red,,38.01,7,1_start
16,40,3M,Red,,46.2,6.4,1_start
16,40,3M,Red,,56.08,13.5,1_start
16,40,3M,Red,,39.35,6.4,1_start
16,40,3C,Blue,51,31.41,2.3,1_start
16,40,3C,Blue,52,28.4,2.1,1_start
16,40,3C,Blue,53,32.18,2.3,1_start
16,40,3C,Blue,54,26.33,1.4,1_start
16,40,3C,Blue,55,32.35,2,1_start
16,40,3C,Blue,56,38.85,3.7,1_start
16,40,3C,Blue,57,30.5,2.7,1_start
16,40,3C,Blue,58,54.32,9,1_start
16,40,3C,Blue,59,31.42,2.3,1_start
16,40,3C,Blue,60,27.51,1.5,1_start
16,40,3C,Blue,,21.64,0.7,1_start
16,40,3C,Blue,,35.22,4.1,1_start
16,40,3C,Blue,,43.43,7.6,1_start
16,40,3C,Blue,,54.82,9.5,1_start
16,40,3C,Blue,,41.1,7.2,1_start
16,40,3C,Blue,,45.31,4.9,1_start
16,40,3C,Blue,,21.02,1.2,1_start
16,40,3C,Blue,,44.46,4.7,1_start
16,40,3C,Blue,,39.69,2.7,1_start
16,40,3C,Blue,,28.34,1.7,1_start
16,40,3C,Blue,,32.79,2.9,1_start
16,40,3C,Blue,,35.61,4,1_start
16,40,3C,Blue,,26.17,1.6,1_start
16,40,3C,Blue,,24.52,1.7,1_start
16,40,3C,Blue,,26.88,1.8,1_start
16,40,3C,Blue,,43.75,4.1,1_start
16,40,3C,Blue,,28.56,2.2,1_start
16,40,3C,Blue,,23.85,1.2,1_start
16,40,3C,Blue,,27.5,1.1,1_start
16,40,3C,Blue,,35.72,2.3,1_start
16,40,2M,Green,41,36.65,3.1,1_start
16,40,2M,Green,42,25.42,1.1,1_start
16,40,2M,Green,43,33.6,3.6,1_start
16,40,2M,Green,44,32.83,1.9,1_start
16,40,2M,Green,45,26.28,2.2,1_start
16,40,2M,Green,46,28.82,1.9,1_start
16,40,2M,Green,47,27.81,1.8,1_start
16,40,2M,Green,48,39.64,2.8,1_start
16,40,2M,Green,49,39.66,3.9,1_start
16,40,2M,Green,50,21.87,1.5,1_start
16,40,2M,Green,,28.5,2.4,1_start
16,40,2M,Green,,36.61,4.5,1_start
16,40,2M,Green,,24.35,1.5,1_start
16,40,2M,Green,,24.94,1.5,1_start
16,40,2M,Green,,41.05,3.8,1_start
16,40,2M,Green,,28.2,2.1,1_start
16,40,2M,Green,,47.38,5.5,1_start
16,40,2M,Green,,25.64,1.9,1_start
16,40,2M,Green,,34.05,2.7,1_start
16,40,2M,Green,,29.98,1.9,1_start
16,40,2M,Green,,27.48,1.9,1_start
16,40,2M,Green,,20.85,1.3,1_start
16,40,2M,Green,,27.09,1.4,1_start
16,40,2M,Green,,21.59,0.9,1_start
16,40,2M,Green,,32.15,2,1_start
16,40,2M,Green,,30,1.8,1_start
16,40,2M,Green,,28.22,1.8,1_start
16,40,2M,Green,,31.24,2.5,1_start
16,40,2M,Green,,39.47,3.4,1_start
16,40,2M,Green,,25.62,1.3,1_start
16,40,2M,Green,,18.1,0.7,1_start
9,20,3C,Blue,61,51.3,7.3,1_start
9,20,3C,Blue,62,43.63,6,1_start
9,20,3C,Blue,63,37.23,4.6,1_start
9,20,3C,Blue,64,42.76,6,1_start
9,20,3C,Blue,65,39.82,2.8,1_start
9,20,3C,Blue,66,52.12,7.6,1_start
9,20,3C,Blue,67,36.62,3,1_start
9,20,3C,Blue,68,44.1,4,1_start
9,20,3C,Blue,69,37.97,3.9,1_start
9,20,3C,Blue,70,26.02,1.6,1_start
9,20,3C,Blue,,21.76,1.1,1_start
9,20,3C,Blue,,30.2,2.2,1_start
9,20,3C,Blue,,48.87,3.7,1_start
9,20,3C,Blue,,32.95,2.2,1_start
9,20,3C,Blue,,40.26,3.3,1_start
9,20,3C,Blue,,46.04,8.7,1_start
9,20,3C,Blue,,27.31,1.8,1_start
9,20,3C,Blue,,26.85,1.8,1_start
9,20,3C,Blue,,28.46,2.4,1_start
9,20,3C,Blue,,26.44,1.5,1_start
9,20,3C,Blue,,29.85,3.2,1_start
9,20,3C,Blue,,38.56,4.9,1_start
9,20,3C,Blue,,26.54,1.9,1_start
9,20,3C,Blue,,51.88,11.3,1_start
9,20,3C,Blue,,26.11,1.9,1_start
9,20,3C,Blue,,32.34,2,1_start
9,20,3C,Blue,,22.81,1.1,1_start
9,20,3C,Blue,,31.43,3.4,1_start
9,20,3C,Blue,,27.75,1.1,1_start
9,20,3C,Blue,,35.86,3.4,1_start
9,20,3M,Red,71,58.35,9.8,1_start
9,20,3M,Red,72,60.1,9.5,1_start
9,20,3M,Red,73,25.95,1.9,1_start
9,20,3M,Red,74,27.42,3.2,1_start
9,20,3M,Red,75,35.42,4.7,1_start
9,20,3M,Red,76,31.14,3.2,1_start
9,20,3M,Red,77,48.26,7.4,1_start
9,20,3M,Red,78,38.45,5.8,1_start
9,20,3M,Red,79,32.42,3.3,1_start
9,20,3M,Red,90,42.72,5.3,1_start
9,20,3M,Red,,59.64,9.1,1_start
9,20,3M,Red,,53.48,12.1,1_start
9,20,3M,Red,,46.18,7.4,1_start
9,20,3M,Red,,50.57,5.8,1_start
9,20,3M,Red,,44.95,6.4,1_start
9,20,3M,Red,,37.5,6.1,1_start
9,20,3M,Red,,46.31,5.3,1_start
9,20,3M,Red,,61,12.7,1_start
9,20,3M,Red,,54.62,7.3,1_start
9,20,3M,Red,,44.13,7.2,1_start
9,20,3M,Red,,40.09,4.3,1_start
9,20,3M,Red,,27.48,2.7,1_start
9,20,3M,Red,,45.61,6.1,1_start
9,20,3M,Red,,44.65,8.6,1_start
9,20,3M,Red,,44.67,7.8,1_start
9,20,3M,Red,,37.17,2.8,1_start
9,20,3M,Red,,43.16,4.2,1_start
9,20,3M,Red,,37.35,3.6,1_start
9,20,3M,Red,,40.87,6.5,1_start
9,20,3M,Red,,37.5,4.1,1_start
9,20,2M,Green,51,33.95,2.5,1_start
9,20,2M,Green,52,46.22,6.5,1_start
9,20,2M,Green,53,32.34,2.6,1_start
9,20,2M,Green,54,22.71,1.5,1_start
9,20,2M,Green,55,32.56,3.4,1_start
9,20,2M,Green,56,34.67,1.8,1_start
9,20,2M,Green,57,27.41,1.5,1_start
9,20,2M,Green,58,41.07,4.6,1_start
9,20,2M,Green,59,23.44,1.3,1_start
9,20,2M,Green,60,20.72,0.8,1_start
9,20,2M,Green,,43.92,4.3,1_start
9,20,2M,Green,,33.66,2.4,1_start
9,20,2M,Green,,43.64,8,1_start
9,20,2M,Green,,45.88,4.2,1_start
9,20,2M,Green,,37.23,3.1,1_start
9,20,2M,Green,,38.48,3.6,1_start
9,20,2M,Green,,50.09,6.2,1_start
9,20,2M,Green,,51.89,8,1_start
9,20,2M,Green,,40.78,3.8,1_start
9,20,2M,Green,,41.71,4,1_start
9,20,2M,Green,,38.43,4.3,1_start
9,20,2M,Green,,28.46,2.3,1_start
9,20,2M,Green,,36.01,3.4,1_start
9,20,2M,Green,,37.34,3.8,1_start
9,20,2M,Green,,22.37,1.4,1_start
9,20,2M,Green,,30.77,1.7,1_start
9,20,2M,Green,,26.05,1.4,1_start
9,20,2M,Green,,29.11,2.1,1_start
9,20,2M,Green,,27.03,1.8,1_start
9,20,2M,Green,,27.71,1.6,1_start
12,100,3C,Blue,71,23.87,1,1_start
12,100,3C,Blue,72,29.95,2,1_start
12,100,3C,Blue,73,30.44,1.7,1_start
12,100,3C,Blue,74,27.36,1.5,1_start
12,100,3C,Blue,75,34.61,3.2,1_start
12,100,3C,Blue,76,23.83,1.1,1_start
12,100,3C,Blue,77,19.83,0.9,1_start
12,100,3C,Blue,78,28.04,2,1_start
12,100,3C,Blue,79,25.28,1.7,1_start
12,100,3C,Blue,80,39.98,4.7,1_start
12,100,3C,Blue,,44.99,6.7,1_start
12,100,3C,Blue,,33.96,3,1_start
12,100,3C,Blue,,32.27,3.1,1_start
12,100,3C,Blue,,28.97,2.7,1_start
12,100,3C,Blue,,29.96,2,1_start
12,100,3C,Blue,,34.03,3.6,1_start
12,100,3C,Blue,,29.24,1.8,1_start
12,100,3C,Blue,,26.42,1.9,1_start
12,100,3C,Blue,,28.33,2,1_start
12,100,3C,Blue,,28.87,2.4,1_start
12,100,3C,Blue,,30.25,2.9,1_start
12,100,3C,Blue,,28.77,2.1,1_start
12,100,3C,Blue,,36.19,2.1,1_start
12,100,3C,Blue,,23.03,1.3,1_start
12,100,3C,Blue,,31.56,1.9,1_start
12,100,3C,Blue,,24.39,1.3,1_start
12,100,3C,Blue,,22.29,1.1,1_start
12,100,3C,Blue,,30.84,2.4,1_start
12,100,3C,Blue,,33.66,2.2,1_start
12,100,3C,Blue,,23.52,1.2,1_start
12,100,3M,Red,81,33.67,2.4,1_start
12,100,3M,Red,82,53.21,11.9,1_start
12,100,3M,Red,83,23.3,3.1,1_start
12,100,3M,Red,84,36.23,3.3,1_start
12,100,3M,Red,85,56.32,12,1_start
12,100,3M,Red,86,48.05,8.6,1_start
12,100,3M,Red,87,44.57,9,1_start
12,100,3M,Red,88,37.8,6,1_start
12,100,3M,Red,89,41.84,3.8,1_start
12,100,3M,Red,91,42.46,6,1_start
12,100,3M,Red,,57.79,7.7,1_start
12,100,3M,Red,,53.42,7.8,1_start
12,100,3M,Red,,41.56,4.8,1_start
12,100,3M,Red,,43.18,6.1,1_start
12,100,3M,Red,,40.64,6.3,1_start
12,100,3M,Red,,45.99,4.2,1_start
12,100,3M,Red,,42.06,5.7,1_start
12,100,3M,Red,,41.73,6,1_start
12,100,3M,Red,,42.09,3.9,1_start
12,100,3M,Red,,34.76,3.4,1_start
12,100,3M,Red,,38.03,4,1_start
12,100,3M,Red,,34.09,4.7,1_start
12,100,3M,Red,,41.25,5.2,1_start
12,100,3M,Red,,37.47,3.6,1_start
12,100,3M,Red,,37.04,4.7,1_start
12,100,3M,Red,,30.55,2,1_start
12,100,3M,Red,,28.17,2.4,1_start
12,100,3M,Red,,30.92,2.4,1_start
12,100,3M,Red,,27.88,2,1_start
12,100,3M,Red,,33.98,3.7,1_start
12,100,2M,Green,61,37.19,3.5,1_start
12,100,2M,Green,63,33.95,3.1,1_start
12,100,2M,Green,65,33.65,3.3,1_start
12,100,2M,Green,66,33.29,3.2,1_start
12,100,2M,Green,67,47.27,5.3,1_start
12,100,2M,Green,68,33.71,2.5,1_start
12,100,2M,Green,69,43.29,3.8,1_start
12,100,2M,Green,70,44.99,4.6,1_start
12,100,2M,Green,71,31.24,2.6,1_start
12,100,2M,Green,79,45.48,4.9,1_start
12,100,2M,Green,,42.71,6.6,1_start
12,100,2M,Green,,53,4.6,1_start
12,100,2M,Green,,43.82,5.8,1_start
12,100,2M,Green,,39.09,4.2,1_start
12,100,2M,Green,,38.44,4.7,1_start
12,100,2M,Green,,39.51,3.7,1_start
12,100,2M,Green,,31.46,3.9,1_start
12,100,2M,Green,,32.54,2.4,1_start
12,100,2M,Green,,27.54,2.3,1_start
12,100,2M,Green,,33.02,2.3,1_start
12,100,2M,Green,,26.75,1.9,1_start
12,100,2M,Green,,34.94,3.2,1_start
12,100,2M,Green,,24.2,1.4,1_start
12,100,2M,Green,,30.57,4.2,1_start
12,100,2M,Green,,32.78,2.8,1_start
12,100,2M,Green,,27.33,1.5,1_start
12,100,2M,Green,,24.64,1.3,1_start
12,100,2M,Green,,29.77,1.3,1_start
12,100,2M,Green,,29,2.1,1_start
12,100,2M,Green,,20.78,1,1_start
15,20,3C,Blue,81,21.3,1.4,1_start
15,20,3C,Blue,82,34.29,2.9,1_start
15,20,3C,Blue,83,35.34,3.1,1_start
15,20,3C,Blue,84,32.19,2.8,1_start
15,20,3C,Blue,85,31.23,2.2,1_start
15,20,3C,Blue,86,35.22,4.9,1_start
15,20,3C,Blue,87,36.59,3.7,1_start
15,20,3C,Blue,88,41.62,5.3,1_start
15,20,3C,Blue,90,32.89,2.6,1_start
15,20,3C,Blue,91,36.14,4.1,1_start
15,20,3C,Blue,,39.18,5.6,1_start
15,20,3C,Blue,,28.62,2.2,1_start
15,20,3C,Blue,,31.92,2.5,1_start
15,20,3C,Blue,,43.82,6.7,1_start
15,20,3C,Blue,,24.15,1.7,1_start
15,20,3C,Blue,,33.88,2.8,1_start
15,20,3C,Blue,,26.36,1.7,1_start
15,20,3C,Blue,,20.21,1,1_start
15,20,3C,Blue,,50.83,11.8,1_start
15,20,3C,Blue,,38.01,7.7,1_start
15,20,3C,Blue,,27.49,1.5,1_start
15,20,3C,Blue,,35.58,3.5,1_start
15,20,3C,Blue,,32.49,2.5,1_start
15,20,3C,Blue,,27.63,1.9,1_start
15,20,3C,Blue,,23.82,1.5,1_start
15,20,3C,Blue,,27.25,2.2,1_start
15,20,3C,Blue,,28.42,2.1,1_start
15,20,3C,Blue,,23.96,1.5,1_start
15,20,3C,Blue,,23.95,1.3,1_start
15,20,3C,Blue,,23.58,1.4,1_start
15,20,3M,Red,92,33.21,4.2,1_start
15,20,3M,Red,93,29.32,2.4,1_start
15,20,3M,Red,94,31.24,3.9,1_start
15,20,3M,Red,95,57.44,17.1,1_start
15,20,3M,Red,96,39.14,5.1,1_start
15,20,3M,Red,97,40.48,5.6,1_start
15,20,3M,Red,98,36.47,4.1,1_start
15,20,3M,Red,99,52.41,11.5,1_start
15,20,3M,Red,100,51.06,9.4,1_start
15,20,3M,Red+white,1,39.96,4.4,1_start
15,20,3M,Red,,54.82,11.3,1_start
15,20,3M,Red,,57.18,12.4,1_start
15,20,3M,Red,,48.48,11.8,1_start
15,20,3M,Red,,55.63,8.7,1_start
15,20,3M,Red,,57.79,12.3,1_start
15,20,3M,Red,,41.24,5,1_start
15,20,3M,Red,,36.05,5.8,1_start
15,20,3M,Red,,39.86,4.6,1_start
15,20,3M,Red,,39.68,5.3,1_start
15,20,3M,Red,,31.53,2.5,1_start
15,20,3M,Red,,32.39,3,1_start
15,20,3M,Red,,38.58,4.3,1_start
15,20,3M,Red,,28.46,3.4,1_start
15,20,3M,Red,,31.9,3.1,1_start
15,20,3M,Red,,34.42,2.1,1_start
15,20,3M,Red,,27.1,2.2,1_start
15,20,3M,Red,,38.59,5,1_start
15,20,3M,Red,,27.91,2.5,1_start
15,20,3M,Red,,34.03,2.7,1_start
15,20,3M,Red,,31.3,2.4,1_start
15,20,2M,Green,72,31.11,2.8,1_start
15,20,2M,Green,73,24.42,1.7,1_start
15,20,2M,Green,74,39.15,3.6,1_start
15,20,2M,Green,75,26.55,1.3,1_start
15,20,2M,Green,76,36.34,3.5,1_start
15,20,2M,Green,77,36.59,4,1_start
15,20,2M,Green,78,43.75,3.8,1_start
15,20,2M,Green,79,41.43,3.2,1_start
15,20,2M,Green,80,25.16,1.8,1_start
15,20,2M,Green,81,27.43,1.2,1_start
15,20,2M,Green,,41.29,4.1,1_start
15,20,2M,Green,,45.23,4.9,1_start
15,20,2M,Green,,42.39,4.7,1_start
15,20,2M,Green,,40.97,6,1_start
15,20,2M,Green,,39.86,3.8,1_start
15,20,2M,Green,,33.91,2.7,1_start
15,20,2M,Green,,32.92,2.5,1_start
15,20,2M,Green,,45.79,5.1,1_start
15,20,2M,Green,,29.37,2.4,1_start
15,20,2M,Green,,43.28,4.1,1_start
15,20,2M,Green,,34.89,2.9,1_start
15,20,2M,Green,,36.63,2.6,1_start
15,20,2M,Green,,30.52,2.2,1_start
15,20,2M,Green,,28.61,1.6,1_start
15,20,2M,Green,,28.23,1.4,1_start
15,20,2M,Green,,32.71,2.2,1_start
15,20,2M,Green,,32.55,1.8,1_start
15,20,2M,Green,,20.7,1.4,1_start
15,20,2M,Green,,28.13,1.7,1_start
15,20,2M,Green,,27.16,1.6,1_start
1,80,3C,Blue,92,26.25,1.8,1_start
1,80,3C,Blue,93,23.97,1.5,1_start
1,80,3C,Blue,94,26.14,1.7,1_start
1,80,3C,Blue,95,41.32,3.7,1_start
1,80,3C,Blue,96,26.29,1.4,1_start
1,80,3C,Blue,97,27.29,1.7,1_start
1,80,3C,Blue,98,25.03,1.5,1_start
1,80,3C,Blue,99,28.28,2.9,1_start
1,80,3C,Blue,100,23.52,1.2,1_start
1,80,3C,Blue+White,2,31.9,2.6,1_start
1,80,3C,Blue,,22.39,1,1_start
1,80,3C,Blue,,50.77,8,1_start
1,80,3C,Blue,,21.26,1.4,1_start
1,80,3C,Blue,,29.77,4,1_start
1,80,3C,Blue,,29.77,2,1_start
1,80,3C,Blue,,21.95,1.6,1_start
1,80,3C,Blue,,27.48,1.6,1_start
1,80,3C,Blue,,29.41,2.3,1_start
1,80,3C,Blue,,26.28,2.3,1_start
1,80,3C,Blue,,23.16,1.5,1_start
1,80,3C,Blue,,34.23,3.2,1_start
1,80,3C,Blue,,21.99,1.1,1_start
1,80,3C,Blue,,25.06,1,1_start
1,80,3C,Blue,,30.35,3.3,1_start
1,80,3C,Blue,,27.02,2.2,1_start
1,80,3C,Blue,,24.84,1.5,1_start
1,80,3C,Blue,,28.68,2.7,1_start
1,80,3C,Blue,,19.93,0.9,1_start
1,80,3C,Blue,,21.89,1.1,1_start
1,80,3C,Blue,,25.55,1.4,1_start
1,80,3C,Blue,,27.98,2.5,1_start
1,80,2M,Green,82,33.61,2.5,1_start
1,80,2M,Green,83,46,4.6,1_start
1,80,2M,Green,84,32.57,2.5,1_start
1,80,2M,Green,85,30.14,2.2,1_start
1,80,2M,Green,86,44.17,4.7,1_start
1,80,2M,Green,87,31.95,3.6,1_start
1,80,2M,Green,88,40.94,4,1_start
1,80,2M,Green,89,26.6,2.1,1_start
1,80,2M,Green,90,28.67,1.8,1_start
1,80,2M,Green,91,24.92,1.6,1_start
1,80,2M,Green,,23.24,1.1,1_start
1,80,2M,Green,,22.44,1.3,1_start
1,80,2M,Green,,20.77,0.9,1_start
1,80,2M,Green,,33.59,3.1,1_start
1,80,2M,Green,,48.14,4,1_start
1,80,2M,Green,,37.9,4.4,1_start
1,80,2M,Green,,28.53,1.7,1_start
1,80,2M,Green,,20.83,1.1,1_start
1,80,2M,Green,,19.41,0.8,1_start
1,80,2M,Green,,21.99,1.6,1_start
1,80,2M,Green,,25.63,1.4,1_start
1,80,2M,Green,,38.4,2.9,1_start
1,80,2M,Green,,25.5,2.2,1_start
1,80,2M,Green,,23.71,1.4,1_start
1,80,2M,Green,,25.43,1.7,1_start
1,80,2M,Green,,25.5,1.6,1_start
1,80,2M,Green,,23.37,1.5,1_start
1,80,2M,Green,,22.29,1.4,1_start
1,80,2M,Green,,28.47,1.9,1_start
1,80,2M,Green,,37.29,3.6,1_start
1,80,3M,Red,42,47.84,7.5,1_start
1,80,3M,Red,43,30.99,5.5,1_start
1,80,3M,Red,44,51.35,9.4,1_start
1,80,3M,Red,45,48.64,8.6,1_start
1,80,3M,Red,46,42.59,7.2,1_start
1,80,3M,Red,47,32.29,3.8,1_start
1,80,3M,Red,48,32.52,2.9,1_start
1,80,3M,Red,49,40.04,4.5,1_start
1,80,3M,Red,50,41.35,6.8,1_start
1,80,3M,Red,51,27.67,2.2,1_start
1,80,3M,Red,,32.91,3.3,1_start
1,80,3M,Red,,38.1,4.7,1_start
1,80,3M,Red,,37.78,4.3,1_start
1,80,3M,Red,,52.27,7.9,1_start
1,80,3M,Red,,46.93,11.4,1_start
1,80,3M,Red,,23.17,1.9,1_start
1,80,3M,Red,,52.09,12.5,1_start
1,80,3M,Red,,23.91,2,1_start
1,80,3M,Red,,44.14,7.8,1_start
1,80,3M,Red,,35.67,3.2,1_start
1,80,3M,Red,,41.07,5,1_start
1,80,3M,Red,,30.31,2.3,1_start
1,80,3M,Red,,39.3,4.6,1_start
1,80,3M,Red,,38.15,4.4,1_start
1,80,3M,Red,,37.91,3.7,1_start
1,80,3M,Red,,34.25,4.2,1_start
1,80,3M,Red,,37.87,2.1,1_start
1,80,3M,Red,,46.7,7.5,1_start
1,80,3M,Red,,38.87,4.2,1_start
1,80,3M,Red,,34.99,3.6,1_start
3,100,2M,Green,92,40.52,3.7,1_start
3,100,2M,Green,93,45.54,4.9,1_start
3,100,2M,Green,94,28.14,1.7,1_start
3,100,2M,Green,95,23.07,1,1_start
3,100,2M,Green,96,42.3,6,1_start
3,100,2M,Green,97,29.37,2,1_start
3,100,2M,Green,98,24.21,1.2,1_start
3,100,2M,Green,99,29.62,2.5,1_start
3,100,2M,Green,100,31.72,2.1,1_start
3,100,2M,Green,1,23.43,1.4,1_start
3,100,2M,Green,,35.13,1.3,1_start
3,100,2M,Green,,27.06,1.5,1_start
3,100,2M,Green,,33.13,4.8,1_start
3,100,2M,Green,,31.42,1.8,1_start
3,100,2M,Green,,28.95,2.2,1_start
3,100,2M,Green,,31.51,1.9,1_start
3,100,2M,Green,,26.47,1.7,1_start
3,100,2M,Green,,32.36,2.4,1_start
3,100,2M,Green,,26.51,2,1_start
3,100,2M,Green,,32.74,4,1_start
3,100,2M,Green,,22.15,1,1_start
3,100,2M,Green,,24.71,1.1,1_start
3,100,2M,Green,,21.59,0.8,1_start
3,100,2M,Green,,25.59,0.9,1_start
3,100,2M,Green,,34.17,2.6,1_start
3,100,2M,Green,,24.15,1.5,1_start
3,100,2M,Green,,29.05,1.8,1_start
3,100,2M,Green,,30.25,2.2,1_start
3,100,2M,Green,,34.76,3.3,1_start
3,100,2M,Green,,35.27,4.1,1_start
3,100,3C,Blue ,3,45.87,5.3,1_start
3,100,3C,Blue ,4,45.93,4.5,1_start
3,100,3C,Blue ,5,28.04,1.3,1_start
3,100,3C,Blue ,6,23.77,1.3,1_start
3,100,3C,Blue ,7,19.22,1,1_start
3,100,3C,Blue ,8,22.64,1.2,1_start
3,100,3C,Blue ,9,26.73,1.1,1_start
3,100,3C,Blue ,10,21.31,1.3,1_start
3,100,3C,Blue ,11,24.68,1.8,1_start
3,100,3C,Blue ,12,25.91,1.6,1_start
3,100,3C,Blue ,,36.77,3.5,1_start
3,100,3C,Blue ,,23.51,1.1,1_start
3,100,3C,Blue ,,19.45,1.5,1_start
3,100,3C,Blue ,,23.38,1.1,1_start
3,100,3C,Blue ,,21.47,1.3,1_start
3,100,3C,Blue ,,25.88,1.5,1_start
3,100,3C,Blue ,,22.05,1.1,1_start
3,100,3C,Blue ,,21.17,1.1,1_start
3,100,3C,Blue ,,23.99,1.1,1_start
3,100,3C,Blue ,,25.88,1,1_start
3,100,3C,Blue ,,24.19,1.2,1_start
3,100,3C,Blue ,,24.93,1.6,1_start
3,100,3C,Blue ,,31.08,2,1_start
3,100,3C,Blue ,,25.7,1.3,1_start
3,100,3C,Blue ,,22.55,1.3,1_start
3,100,3C,Blue ,,29.6,3.2,1_start
3,100,3C,Blue ,,28.11,1.9,1_start
3,100,3C,Blue ,,22.69,1.3,1_start
3,100,3C,Blue ,,23.43,1.1,1_start
3,100,3C,Blue ,,21.71,0.9,1_start
3,100,3M,Red,1,52.56,4.9,1_start
3,100,3M,Red,2,47.5,8.2,1_start
3,100,3M,Red,3,38.37,6,1_start
3,100,3M,Red,4,57.56,11.4,1_start
3,100,3M,Red,5,33.54,3.6,1_start
3,100,3M,Red,6,33.86,3.2,1_start
3,100,3M,Red,7,35.9,3.4,1_start
3,100,3M,Red,8,42.19,5,1_start
3,100,3M,Red,9,40.95,4.3,1_start
3,100,3M,Red,10,27,1.9,1_start
3,100,3M,Red,,30.35,2.8,1_start
3,100,3M,Red,,31.66,2.7,1_start
3,100,3M,Red,,39.2,4.5,1_start
3,100,3M,Red,,27.24,1.8,1_start
3,100,3M,Red,,32.07,3.9,1_start
3,100,3M,Red,,32.86,2.8,1_start
3,100,3M,Red,,44.77,6.9,1_start
3,100,3M,Red,,35.79,3.5,1_start
3,100,3M,Red,,37.24,4.8,1_start
3,100,3M,Red,,38.26,4.6,1_start
3,100,3M,Red,,55.75,13.3,1_start
3,100,3M,Red,,29.47,2.9,1_start
3,100,3M,Red,,27.84,2.5,1_start
3,100,3M,Red,,33.41,6.1,1_start
3,100,3M,Red,,37.81,4.1,1_start
3,100,3M,Red,,42.84,6.5,1_start
3,100,3M,Red,,29.68,2.3,1_start
3,100,3M,Red,,31.53,2.6,1_start
3,100,3M,Red,,49.05,6,1_start
3,100,3M,Red,,40.67,5.8,1_start
10,40,2M,Green ,2,21.18,0.9,1_start
10,40,2M,Green ,3,43.53,3,1_start
10,40,2M,Green ,4,41.05,3.5,1_start
10,40,2M,Green ,5,49.2,6.5,1_start
10,40,2M,Green ,6,24.67,1.3,1_start
10,40,2M,Green ,7,21.72,1.3,1_start
10,40,2M,Green ,8,22.33,1.3,1_start
10,40,2M,Green ,9,23.67,1.4,1_start
10,40,2M,Green ,10,23.13,1.1,1_start
10,40,2M,Green ,11,34.65,3.8,1_start
10,40,2M,Green ,,49.78,5.5,1_start
10,40,2M,Green ,,18.24,1.1,1_start
10,40,2M,Green ,,19.4,1,1_start
10,40,2M,Green ,,27.14,1.6,1_start
10,40,2M,Green ,,42.12,3.4,1_start
10,40,2M,Green ,,19.68,0.7,1_start
10,40,2M,Green ,,24.81,1.4,1_start
10,40,2M,Green ,,26.81,1.8,1_start
10,40,2M,Green ,,38.41,3.6,1_start
10,40,2M,Green ,,29.21,1.9,1_start
10,40,2M,Green ,,34.58,2.3,1_start
10,40,2M,Green ,,19.49,0.9,1_start
10,40,2M,Green ,,41.45,3.6,1_start
10,40,2M,Green ,,23.65,1,1_start
10,40,2M,Green ,,29.08,1.5,1_start
10,40,2M,Green ,,27.17,2.3,1_start
10,40,2M,Green ,,20.55,1,1_start
10,40,2M,Green ,,38.41,5.7,1_start
10,40,2M,Green ,,38.71,2.2,1_start
10,40,2M,Green ,,27.69,1.8,1_start
10,40,3M,Red,11,22.34,1.9,1_start
10,40,3M,Red,12,31.17,2.7,1_start
10,40,3M,Red,13,41.24,3.6,1_start
10,40,3M,Red,14,32.41,3.4,1_start
10,40,3M,Red,15,31.69,3.4,1_start
10,40,3M,Red,16,29.69,2.5,1_start
10,40,3M,Red,17,27.2,2.9,1_start
10,40,3M,Red,18,31.69,3.2,1_start
10,40,3M,Red,19,34.71,3.9,1_start
10,40,3M,Red,20,24.94,1.6,1_start
10,40,3M,Red,,55.62,12,1_start
10,40,3M,Red,,42.63,6.7,1_start
10,40,3M,Red,,46.87,9.1,1_start
10,40,3M,Red,,32.91,4.8,1_start
10,40,3M,Red,,52.15,9.8,1_start
10,40,3M,Red,,41,4.2,1_start
10,40,3M,Red,,47.63,9,1_start
10,40,3M,Red,,55.84,8.5,1_start
10,40,3M,Red,,39.89,6.5,1_start
10,40,3M,Red,,36.47,3.5,1_start
10,40,3M,Red,,30.74,3.2,1_start
10,40,3M,Red,,33.81,3.7,1_start
10,40,3M,Red,,43.36,4.3,1_start
10,40,3M,Red,,41.11,5.2,1_start
10,40,3M,Red,,39.18,6,1_start
10,40,3M,Red,,55.15,9.4,1_start
10,40,3M,Red,,52.91,9.1,1_start
10,40,3M,Red,,35.47,3.7,1_start
10,40,3M,Red,,33.61,2.8,1_start
10,40,3M,Red,,40.55,3.5,1_start
10,40,3M,Blue,1,28.48,1.8,1_start
10,40,3M,Blue,2,24.13,1.7,1_start
10,40,3M,Blue,3,22.14,0.8,1_start
10,40,3M,Blue,4,21.34,1.3,1_start
10,40,3M,Blue,5,27.31,1.8,1_start
10,40,3M,Blue,6,23.59,1.1,1_start
10,40,3M,Blue,7,22.75,1.5,1_start
10,40,3M,Blue,8,25.91,1.7,1_start
10,40,3M,Blue,9,25.31,1.8,1_start
10,40,3M,Blue,10,44.17,5.6,1_start
10,40,3M,Blue,,26.27,1.7,1_start
10,40,3M,Blue,,21.6,1,1_start
10,40,3M,Blue,,27.42,1.5,1_start
10,40,3M,Blue,,24.89,1.4,1_start
10,40,3M,Blue,,41.9,4.5,1_start
10,40,3M,Blue,,31.48,2.6,1_start
10,40,3M,Blue,,43.83,4,1_start
10,40,3M,Blue,,44.58,5.3,1_start
10,40,3M,Blue,,28.26,2.1,1_start
10,40,3M,Blue,,24.94,1.9,1_start
10,40,3M,Blue,,24.94,2.6,1_start
10,40,3M,Blue,,22,1.2,1_start
10,40,3M,Blue,,31.82,2.7,1_start
10,40,3M,Blue,,25.04,1.4,1_start
10,40,3M,Blue,,24.69,1.4,1_start
10,40,3M,Blue,,18.57,0.8,1_start
10,40,3M,Blue,,21.36,0.8,1_start
10,40,3M,Blue,,22.23,0.9,1_start
10,40,3M,Blue,,21.55,1.3,1_start
10,40,3M,Blue,,18.91,0.8,1_start
4,60,2M,Green,,31.75,2,2_end
4,60,2M,Green,,31.98,2.9,2_end
4,60,2M,Green,,27.91,2,2_end
4,60,2M,Green,,39.88,3.7,2_end
4,60,2M,Green,,23.3,1.3,2_end
4,60,2M,Green,,26.02,1.6,2_end
4,60,2M,Green,,46.36,5.7,2_end
4,60,2M,Green,,31.33,2,2_end
4,60,2M,Green,,29.32,1.6,2_end
4,60,2M,Green,,28.89,2.5,2_end
4,60,2M,Green,,40.58,2.8,2_end
4,60,2M,Green,,24.57,1.5,2_end
4,60,2M,Green,,31.82,2.1,2_end
4,60,3C,Blue,,49.46,4.9,2_end
4,60,3C,Blue,,32.64,4,2_end
4,60,3C,Blue,,29.51,2,2_end
4,60,3C,Blue,,25.74,1.4,2_end
4,60,3C,Blue,,24.54,2.2,2_end
4,60,3C,Blue,,26.45,1.3,2_end
4,60,3C,Blue,,35.68,4,2_end
4,60,3C,Blue,,32.05,3.8,2_end
4,60,3C,Blue,,29.67,2.1,2_end
4,60,3C,Blue,,32.29,4.3,2_end
4,60,3C,Blue,,33.82,3.3,2_end
4,60,3C,Blue,,35.94,2.9,2_end
4,60,3M,Red,,52.32,11.1,2_end
4,60,3M,Red,,48.26,8.2,2_end
4,60,3M,Red,,41.71,5.6,2_end
4,60,3M,Red,,62.81,12.6,2_end
4,60,3M,Red,,55.39,15.8,2_end
4,60,3M,Red,,39.78,5.9,2_end
4,60,3M,Red,,33.96,4.6,2_end
4,60,3M,Red,,60.24,16.5,2_end
4,60,3M,Red,,57.44,14.7,2_end
4,60,3M,Red,,44.54,8.1,2_end
4,60,3M,Red,,49.91,5.8,2_end
4,60,3M,Red,,60.52,14.2,2_end
4,60,3M,Red,,53.37,11,2_end
13,80,3C,Blue,,38.88,5.1,2_end
13,80,3C,Blue,,47.17,8.5,2_end
13,80,3C,Blue,,29.25,2.5,2_end
13,80,3C,Blue,,33.99,3.6,2_end
13,80,3C,Blue,,36.72,5.2,2_end
13,80,3C,Blue,,31.66,2.7,2_end
13,80,3C,Blue,,31.99,2.4,2_end
13,80,3C,Blue,,25.86,2,2_end
13,80,3C,Blue,,23.13,1.5,2_end
13,80,3C,Blue,,27.1,2.1,2_end
13,80,3C,Blue,,29.23,3.9,2_end
13,80,2M,Green,,29.97,1.7,2_end
13,80,2M,Green,,31.47,2.2,2_end
13,80,2M,Green,,43.86,6.4,2_end
13,80,2M,Green,,33.41,2.6,2_end
13,80,2M,Green,,37.98,4.5,2_end
13,80,2M,Green,,51.89,5.4,2_end
13,80,2M,Green,,25.08,2.1,2_end
13,80,2M,Green,,26.54,1.9,2_end
13,80,2M,Green,,26.15,2,2_end
13,80,2M,Green,,21.79,1,2_end
13,80,2M,Green,,35.33,3.7,2_end
13,80,2M,Green,,43.84,5.6,2_end
13,80,3M,Red,,28.72,2.4,2_end
13,80,3M,Red,,37.28,4.3,2_end
13,80,3M,Red,,42.1,6.8,2_end
13,80,3M,Red,,33.77,4.9,2_end
13,80,3M,Red,,35.54,3.7,2_end
13,80,3M,Red,,41.66,7.3,2_end
13,80,3M,Red,,31.17,3.7,2_end
13,80,3M,Red,,31.07,4.7,2_end
13,80,3M,Red,,55.15,10.4,2_end
13,80,3M,Red,,45.57,7.4,2_end
14,40,3M,Red,,50.34,7.6,2_end
14,40,3M,Red,,48.64,7.7,2_end
14,40,3M,Red,,40.12,6.5,2_end
14,40,3M,Red,,42.22,6.2,2_end
14,40,3M,Red,,47.03,10,2_end
14,40,3M,Red,,46.53,6.3,2_end
14,40,3M,Red,,50.08,5.7,2_end
14,40,3M,Red,,50.45,9.1,2_end
18,60,3C,Blue,,35.87,4.3,2_end
18,60,3C,Blue,,35.4,3.7,2_end
18,60,3C,Blue,,34.02,2.4,2_end
18,60,3C,Blue,,33.01,3.6,2_end
18,60,3C,Blue,,20.52,1.2,2_end
18,60,3C,Blue,,19.49,0.8,2_end
18,60,3C,Blue,,23.93,1.5,2_end
18,60,3C,Blue,,28.38,2.3,2_end
18,60,3C,Blue,,26.47,1.8,2_end
18,60,3C,Blue,,27.63,2.1,2_end
18,60,3C,Blue,,22.83,1.2,2_end
18,60,3C,Blue,,24.16,1.1,2_end
18,60,3C,Blue,,36.88,3.5,2_end
18,60,3C,Blue,,40.16,5.6,2_end
18,60,3C,Blue,,31.45,2.5,2_end
18,60,3M,Red,,43.37,8.9,2_end
18,60,3M,Red,,32.4,3.7,2_end
18,60,3M,Red,,38.76,3.8,2_end
18,60,3M,Red,,43.37,4.9,2_end
18,60,3M,Red,,34.98,5.8,2_end
18,60,3M,Red,,51.1,12.9,2_end
18,60,3M,Red,,39.94,6.8,2_end
18,60,3M,Red,,61.8,12.9,2_end
18,60,3M,Red,,32.9,3.3,2_end
18,60,3M,Red,,38.52,4.8,2_end
18,60,3M,Red,,51.14,10.9,2_end
18,60,3C,Blue,,29.58,2.8,2_end
18,60,3C,Blue,,25.53,1.7,2_end
18,60,3C,Blue,,26.85,2,2_end
18,60,3C,Blue,,26,2.3,2_end
18,60,3C,Blue,,28.16,2.6,2_end
18,60,3C,Blue,,26.68,1.9,2_end
18,60,3C,Blue,,28.41,1.9,2_end
18,60,3C,Blue,,22.56,1.1,2_end
18,60,3C,Blue,,43.47,6.4,2_end
18,60,3C,Blue,,25.27,1.8,2_end
18,60,3C,Blue,,15.54,0.6,2_end
18,60,3C,Blue,,38.92,4.4,2_end
18,60,3C,Blue,,19.55,1,2_end
18,60,3C,Blue,,22.85,1.7,2_end
18,60,3C,Blue,,22.4,0.9,2_end
3,100,3C,Blue,,22.7,1.1,2_end
3,100,3C,Blue,,20.94,0.9,2_end
3,100,3C,Blue,,23.69,1.8,2_end
3,100,3C,Blue,,23.81,1.3,2_end
3,100,3C,Blue,,26.24,1.1,2_end
3,100,3C,Blue,,25.57,1.5,2_end
3,100,3C,Blue,,37.39,3.2,2_end
3,100,3C,Blue,,22.45,1.3,2_end
3,100,3C,Blue,,24,1.5,2_end
3,100,3C,Blue,,25.88,1.4,2_end
3,100,3C,Blue,,24.15,1.7,2_end
3,100,3C,Blue,,30.94,2.1,2_end
3,100,3C,Blue,,19.83,0.9,2_end
3,100,3C,Blue,,25.74,1.4,2_end
3,100,3C,Blue,,26.44,1.4,2_end
3,100,3C,Blue,,22.72,1.2,2_end
3,100,3C,Blue,,28.32,1.6,2_end
3,100,3C,Blue,,23.64,1.2,2_end
3,100,3C,Blue,,21.57,0.9,2_end
3,100,3C,Blue,,19.23,1.7,2_end
3,100,3C,Blue,,22.68,1,2_end
3,100,3C,Blue,,23.8,1.1,2_end
3,100,3C,Blue,,23.32,1.3,2_end
3,100,3C,Blue,,21.68,1.5,2_end
3,100,3C,Blue,,25.31,1.4,2_end
3,100,3C,Blue,,20.94,1.2,2_end
3,100,3C,Blue,,21.56,1.2,2_end
3,100,3M,Red,,48.61,5.5,2_end
3,100,3M,Red,,25.96,2.6,2_end
3,100,3M,Red,,43.2,7.2,2_end
3,100,3M,Red,,27.86,2.8,2_end
3,100,3M,Red,,32.93,3.1,2_end
3,100,3M,Red,,35.57,3.8,2_end
3,100,3M,Red,,33.44,3,2_end
3,100,3M,Red,,41,3.9,2_end
3,100,3M,Red,,30.03,3.2,2_end
3,100,3M,Red,,37.92,5.8,2_end
3,100,3M,Red,,30.06,3.8,2_end
3,100,3M,Red,,40.28,4.8,2_end
3,100,3M,Red,,36.66,4.7,2_end
3,100,3M,Red,,56.87,12.2,2_end
3,100,3M,Red,,52.87,6.2,2_end
3,100,3M,Red,,27.05,2.2,2_end
3,100,3M,Red,,42.31,7.1,2_end
3,100,3M,Red,,29.5,3.2,2_end
3,100,3M,Red,,31.67,2.9,2_end
3,100,3M,Red,,47.97,8.6,2_end
3,100,3M,Red,,41.86,5.6,2_end
3,100,3M,Red,,36.08,3.2,2_end
3,100,3M,Red,,38.27,6.7,2_end
3,100,3M,Red,,33.75,4,2_end
3,100,3M,Red,,30.14,3,2_end
3,100,3M,Red,,31.64,2.9,2_end
3,100,2M,Green,,42.69,5.4,2_end
3,100,2M,Green,,23.77,1,2_end
3,100,2M,Green,,26.89,1.6,2_end
3,100,2M,Green,,31.01,1.5,2_end
3,100,2M,Green,,29.78,2,2_end
3,100,2M,Green,,28.3,2.3,2_end
3,100,2M,Green,,23.29,1.2,2_end
3,100,2M,Green,,31.54,2.2,2_end
3,100,2M,Green,,42.78,3.4,2_end
3,100,2M,Green,,27.84,1.9,2_end
3,100,2M,Green,,26.68,1,2_end
3,100,2M,Green,,28.98,1.6,2_end
3,100,2M,Green,,21.44,0.7,2_end
3,100,2M,Green,,25.62,1.8,2_end
3,100,2M,Green,,21.53,0.7,2_end
3,100,2M,Green,,31.98,2.3,2_end
3,100,2M,Green,,39.4,3.5,2_end
3,100,2M,Green,,25.02,0.6,2_end
3,100,2M,Green,,30.66,1.9,2_end
3,100,2M,Green,,35.9,3,2_end
1,80,3M,Red,,48.92,9.6,2_end
1,80,3M,Red,,33.74,5.4,2_end
1,80,3M,Red,,37.58,5.3,2_end
1,80,3M,Red,,31.61,3.4,2_end
1,80,3M,Red,,49.36,7.5,2_end
1,80,3M,Red,,25.67,2.2,2_end
1,80,3M,Red,,39.08,5,2_end
1,80,3M,Red,,35.79,3.8,2_end
1,80,3M,Red,,32.56,2.8,2_end
1,80,3M,Red,,27.96,1.9,2_end
1,80,3M,Red,,37.87,5,2_end
1,80,3C,Blue,,23.69,1.4,2_end
1,80,3C,Blue,,30.48,2.3,2_end
1,80,3C,Blue,,26.7,1.9,2_end
1,80,3C,Blue,,26.96,1.7,2_end
1,80,3C,Blue,,24.78,1.3,2_end
1,80,3C,Blue,,22.99,1.6,2_end
1,80,3C,Blue,,22.04,1.4,2_end
1,80,3C,Blue,,24.15,1.3,2_end
1,80,3C,Blue,,24.03,1.5,2_end
1,80,3C,Blue,,19.68,0.9,2_end
1,80,3C,Blue,,24.6,0.7,2_end
1,80,2M,Green,,24.62,1.5,2_end
1,80,2M,Green,,20.77,1.2,2_end
1,80,2M,Green,,19.18,0.8,2_end
1,80,2M,Green,,23.91,1.4,2_end
1,80,2M,Green,,25.76,2,2_end
1,80,2M,Green,,22.3,1.9,2_end
1,80,2M,Green,,22.86,1.5,2_end
1,80,2M,Green,,24.34,1.6,2_end
1,80,2M,Green,,24.14,1.5,2_end
1,80,2M,Green,,20.38,1.1,2_end
1,80,2M,Green,,26,1.8,2_end
9,20,3C,Blue,,36.82,2.5,2_end
9,20,3C,Blue,,25.67,1.8,2_end
9,20,3C,Blue,,26.89,1.1,2_end
9,20,3C,Blue,,22.31,2.9,2_end
9,20,3C,Blue,,31.66,1.1,2_end
9,20,3C,Blue,,45.1,4.9,2_end
9,20,2M,Green,,25.82,1.5,2_end
9,20,2M,Green,,26.3,1.6,2_end
9,20,2M,Green,,32.03,2.8,2_end
9,20,2M,Green,,33.87,1.9,2_end
9,20,2M,Green,,29.65,1.8,2_end
9,20,2M,Green,,33.04,2.9,2_end
9,20,2M,Green,,19.77,0.8,2_end
9,20,2M,Green,,22.55,1.3,2_end
9,20,2M,Green,,35.88,3.2,2_end
9,20,2M,Green,,32.68,2.4,2_end
9,20,2M,Green,,22.31,1.6,2_end
9,20,2M,Green,,27.3,2.4,2_end
9,20,3M,Red,,31.01,3.2,2_end
9,20,3M,Red,,27.04,2.8,2_end
9,20,3M,Red,,26.3,3.2,2_end
9,20,3M,Red,,34.61,4.7,2_end
9,20,3M,Red,,38.11,5.9,2_end
9,20,3M,Red,,37.53,6.3,2_end
9,20,3M,Red,,35.81,3.4,2_end
11,80,2M,Green,,23.01,1.2,2_end
11,80,2M,Green,,30.08,2.3,2_end
11,80,2M,Green,,19.79,0.9,2_end
11,80,2M,Green,,39.48,3.2,2_end
11,80,2M,Green,,28.7,1.8,2_end
11,80,2M,Green,,30.14,2.3,2_end
11,80,2M,Green,,32.78,2.9,2_end
11,80,2M,Green,,27.54,2.1,2_end
11,80,2M,Green,,40.49,3.6,2_end
11,80,2M,Green,,34.06,3.2,2_end
11,80,3M,Red,,56.7,11.8,2_end
11,80,3M,Red,,53.89,10.4,2_end
11,80,3M,Red,,54.39,11.5,2_end
11,80,3M,Red,,64.26,18.7,2_end
11,80,3M,Red,,57.2,14.8,2_end
11,80,3M,Red,,42.36,6.6,2_end
11,80,3M,Red,,52.73,10.7,2_end
11,80,3M,Red,,41.86,7.6,2_end
11,80,3M,Red,,55.37,13.7,2_end
11,80,3M,Red,,54.78,11.7,2_end
11,80,3M,Red,,39.48,5.1,2_end
11,80,3M,Red,,55.23,9.5,2_end
11,80,3C,Blue,,43.57,4.3,2_end
11,80,3C,Blue,,34.56,2.7,2_end
11,80,3C,Blue,,38.55,3.9,2_end
11,80,3C,Blue,,31.34,2.6,2_end
11,80,3C,Blue,,23.8,2,2_end
11,80,3C,Blue,,30.76,2.2,2_end
11,80,3C,Blue,,35.28,3.5,2_end
11,80,3C,Blue,,25.62,1.3,2_end
11,80,3C,Blue,,21.84,1.4,2_end
11,80,3C,Blue,,25.66,1.8,2_end
11,80,3C,Blue,,33.14,2.2,2_end
10,40,3M,Red,,47.21,9.2,2_end
10,40,3M,Red,,52.05,12.6,2_end
10,40,3M,Red,,24.61,1.8,2_end
10,40,3M,Red,,30.59,2.8,2_end
10,40,3M,Red,,32.6,4.2,2_end
10,40,3M,Red,,51.6,9.5,2_end
10,40,3M,Red,,46.14,9.5,2_end
10,40,3M,Red,,31.78,3.7,2_end
10,40,3M,Red,,21.23,2,2_end
10,40,3M,Red,,31.74,3.6,2_end
10,40,3M,Red,,36.61,3.8,2_end
10,40,3M,Red,,29.63,3.3,2_end
10,40,3M,Red,,32.37,5,2_end
10,40,3M,Red,,54.74,12.2,2_end
10,40,3M,Red,,38.9,6.2,2_end
10,40,3M,Red,,28.58,2.7,2_end
10,40,3M,Red,,40.26,4.7,2_end
10,40,3M,Red,,31.92,3,2_end
10,40,3M,Red,,39.87,4.3,2_end
10,40,3M,Red,,27.19,3,2_end
10,40,2M,Green,,43.49,3.1,2_end
10,40,2M,Green,,21.49,1.3,2_end
10,40,2M,Green,,21.88,1.4,2_end
10,40,2M,Green,,20.56,1,2_end
10,40,2M,Green,,23.27,1.2,2_end
10,40,2M,Green,,23.67,1.5,2_end
10,40,2M,Green,,33.43,4.4,2_end
10,40,2M,Green,,27.05,1.9,2_end
10,40,2M,Green,,26.34,1.8,2_end
10,40,2M,Green,,18.17,1.2,2_end
10,40,2M,Green,,38.37,6.1,2_end
10,40,2M,Green,,20.77,0.9,2_end
10,40,2M,Green,,24.52,1.6,2_end
10,40,2M,Green,,19.6,0.8,2_end
10,40,2M,Green,,26.54,2.1,2_end
10,40,2M,Green,,19.44,0.9,2_end
10,40,2M,Green,,41.55,4.6,2_end
10,40,2M,Green,,39.9,3.1,2_end
10,40,2M,Green,,22.13,1.1,2_end
10,40,2M,Green,,19.58,1.1,2_end
10,40,2M,Green,,29.07,2.1,2_end
10,40,3C,Blue,,26.71,1.8,2_end
10,40,3C,Blue,,27.3,2,2_end
10,40,3C,Blue,,25.04,2.1,2_end
10,40,3C,Blue,,23.11,1.2,2_end
10,40,3C,Blue,,23.13,1.7,2_end
10,40,3C,Blue,,21.45,1.4,2_end
10,40,3C,Blue,,22.6,0.9,2_end
10,40,3C,Blue,,19.3,0.9,2_end
10,40,3C,Blue,,24.85,1.9,2_end
10,40,3C,Blue,,27.46,2,2_end
10,40,3C,Blue,,21.22,0.9,2_end
10,40,3C,Blue,,27.51,1.5,2_end
10,40,3C,Blue,,20.21,1,2_end
10,40,3C,Blue,,21.9,1.3,2_end
10,40,3C,Blue,,23.44,1.4,2_end
10,40,3C,Blue,,41.57,4.5,2_end
10,40,3C,Blue,,24.03,2,2_end
10,40,3C,Blue,,21.26,1.4,2_end
10,40,3C,Blue,,24.64,1.4,2_end
10,40,3C,Blue,,18.2,0.9,2_end
10,40,3C,Blue,,26.58,1.5,2_end
16,60,2M,Green,,36,3,2_end
16,60,2M,Green,,32.45,2.2,2_end
16,60,2M,Green,,26.26,2.2,2_end
16,60,2M,Green,,22.34,1.7,2_end
16,60,2M,Green,,28.3,1.8,2_end
16,60,2M,Green,,26.96,2,2_end
16,60,2M,Green,,23.64,1.5,2_end
16,60,2M,Green,,26.83,1.9,2_end
16,60,2M,Green,,21.16,1.3,2_end
16,60,2M,Green,,26.29,2.1,2_end
16,60,2M,Green,,32.68,2.1,2_end
16,60,2M,Green,,28.31,1.9,2_end
16,60,2M,Green,,21.7,1,2_end
16,60,2M,Green,,36.68,4.5,2_end
16,60,2M,Green,,29.11,1.9,2_end
16,60,2M,Green,,26.28,2.2,2_end
16,60,2M,Green,,28.25,2.5,2_end
16,60,2M,Green,,24.63,1.3,2_end
16,60,2M,Green,,30.85,2.4,2_end
16,60,2M,Green,,28.34,2,2_end
16,60,2M,Green,,19.16,0.6,2_end
16,60,2M,Green,,25.73,1.6,2_end
16,60,3M,Red,,38.11,5.2,2_end
16,60,3M,Red,,42.86,9.9,2_end
16,60,3M,Red,,45.76,10.6,2_end
16,60,3M,Red,,58.1,13.6,2_end
16,60,3M,Red,,41.44,3.5,2_end
16,60,3M,Red,,34.67,4.2,2_end
16,60,3M,Red,,33.57,5,2_end
16,60,3M,Red,,55.36,13.5,2_end
16,60,3M,Red,,53.38,13.5,2_end
16,60,3M,Red,,37.09,5.8,2_end
16,60,3M,Red,,54.63,8,2_end
16,60,3M,Red,,44.96,7.9,2_end
16,60,3M,Red,,49.19,8.6,2_end
16,60,3M,Red,,39.86,6.9,2_end
16,60,3M,Red,,39.03,5.1,2_end
16,60,3M,Red,,32.68,4.1,2_end
16,60,3M,Red,,41.19,6.6,2_end
16,60,3M,Red,,43,5.8,2_end
16,60,3M,Red,,53.51,11,2_end
16,60,3M,Red,,34.18,5.7,2_end
16,60,3M,Red,,44.09,2.8,2_end
16,60,3C,Blue,,38.18,4,2_end
16,60,3C,Blue,,28.14,2.2,2_end
16,60,3C,Blue,,29.6,2.8,2_end
16,60,3C,Blue,,32.4,2.1,2_end
16,60,3C,Blue,,26.49,1.5,2_end
16,60,3C,Blue,,31.54,2.4,2_end
16,60,3C,Blue,,27.37,1.8,2_end
16,60,3C,Blue,,31.34,2.4,2_end
16,60,3C,Blue,,32.05,2.4,2_end
16,60,3C,Blue,,24.25,1.8,2_end
16,60,3C,Blue,,21.82,0.7,2_end
16,60,3C,Blue,,26.96,2,2_end
16,60,3C,Blue,,45.12,4.9,2_end
16,60,3C,Blue,,44.54,8.1,2_end
16,60,3C,Blue,,36.01,4.3,2_end
16,60,3C,Blue,,27.42,1.9,2_end
16,60,3C,Blue,,26.62,1.2,2_end
16,60,3C,Blue,,35.41,4.2,2_end
16,60,3C,Blue,,26.03,1.3,2_end
16,60,3C,Blue,,21.21,1.1,2_end
16,60,3C,Blue,,23.46,1.1,2_end
2,40,2M,Green,,29.19,2.1,2_end
2,40,2M,Green,,32.05,2.4,2_end
2,40,2M,Green,,35.57,3.4,2_end
2,40,2M,Green,,32.68,3.5,2_end
2,40,2M,Green,,30.01,2.3,2_end
2,40,2M,Green,,24.26,1.7,2_end
2,40,2M,Green,,44.09,4.2,2_end
2,40,2M,Green,,48.89,7,2_end
2,40,2M,Green,,27.66,1.7,2_end
2,40,2M,Green,,42.98,5.2,2_end
2,40,2M,Green,,26.72,1.6,2_end
2,40,2M,Green,,38.51,3.8,2_end
2,40,2M,Green,,40.56,5.4,2_end
2,40,2M,Green,,36.99,2.9,2_end
2,40,2M,Green,,42.34,6.1,2_end
2,40,2M,Green,,41.17,4,2_end
2,40,2M,Green,,23.41,1.6,2_end
2,40,2M,Green,,29.3,1.8,2_end
2,40,2M,Green,,24.66,1.5,2_end
2,40,2M,Green,,22.55,0.9,2_end
2,40,2M,Green,,25.43,1.7,2_end
2,40,3M,Red,,26.73,2.6,2_end
2,40,3M,Red,,44.83,7.2,2_end
2,40,3M,Red,,42.71,8.4,2_end
2,40,3M,Red,,50.45,9.1,2_end
2,40,3M,Red,,43.11,6.4,2_end
2,40,3M,Red,,38.7,6,2_end
2,40,3M,Red,,34.45,3,2_end
2,40,3M,Red,,46.46,6.9,2_end
2,40,3M,Red,,57.63,14.5,2_end
2,40,3M,Red,,41.83,4.1,2_end
2,40,3M,Red,,41.98,7.8,2_end
2,40,3M,Red,,57.48,16.2,2_end
2,40,3M,Red,,40.89,7.4,2_end
2,40,3M,Red,,56.61,10.1,2_end
2,40,3M,Red,,51.22,9.1,2_end
2,40,3M,Red,,49.95,8.6,2_end
2,40,3M,Red,,30.11,2.7,2_end
2,40,3M,Red,,43.94,10.4,2_end
2,40,3M,Red,,39.14,4.8,2_end
2,40,3M,Red,,33.93,2.8,2_end
2,40,3M,Red,,30.44,4.1,2_end
2,40,3C,Blue,,32.63,3.1,2_end
2,40,3C,Blue,,32.59,3.5,2_end
2,40,3C,Blue,,33.21,4.1,2_end
2,40,3C,Blue,,37.02,3.6,2_end
2,40,3C,Blue,,32.69,4.1,2_end
2,40,3C,Blue,,34.33,6.2,2_end
2,40,3C,Blue,,35.67,3.2,2_end
2,40,3C,Blue,,37.4,3.9,2_end
2,40,3C,Blue,,34.85,5.6,2_end
2,40,3C,Blue,,53.73,10.1,2_end
2,40,3C,Blue,,31.32,2.7,2_end
2,40,3C,Blue,,29.8,1.8,2_end
2,40,3C,Blue,,27.12,1.9,2_end
2,40,3C,Blue,,35.54,3,2_end
2,40,3C,Blue,,29.83,2.4,2_end
2,40,3C,Blue,,23.7,1.3,2_end
2,40,3C,Blue,,21.98,0.8,2_end
2,40,3C,Blue,,24.61,1.7,2_end
2,40,3C,Blue,,24.04,1.2,2_end
2,40,3C,Blue,,30.52,2.2,2_end
2,40,3C,Blue,,24.91,1.3,2_end
17,100,2M,Green,,28.86,1.8,2_end
17,100,2M,Green,,21.71,1,2_end
17,100,2M,Green,,28.7,2,2_end
17,100,2M,Green,,39.13,4.7,2_end
17,100,2M,Green,,33.23,3.1,2_end
17,100,2M,Green,,43.68,3.6,2_end
17,100,2M,Green,,33.72,2.8,2_end
17,100,2M,Green,,50.26,6.9,2_end
17,100,2M,Green,,24.84,1.5,2_end
17,100,2M,Green,,28.94,2.4,2_end
17,100,2M,Green,,30.35,2.4,2_end
17,100,2M,Green,,37.69,3.9,2_end
17,100,2M,Green,,25.03,1.4,2_end
17,100,2M,Green,,18.67,0.8,2_end
17,100,2M,Green,,32.76,3.7,2_end
17,100,2M,Green,,30.07,1.8,2_end
17,100,2M,Green,,24.03,1.8,2_end
17,100,2M,Green,,36.75,2.8,2_end
17,100,2M,Green,,19.83,0.8,2_end
17,100,2M,Green,,27,1.7,2_end
17,100,2M,Green,,34.23,4.2,2_end
17,100,2M,Green,,35.86,3.8,2_end
17,100,2M,Green,,22.35,1.1,2_end
17,100,2M,Green,,42.86,5.6,2_end
17,100,2M,Green,,36.09,4,2_end
17,100,2M,Green,,24.08,1.2,2_end
17,100,2M,Green,,28.95,2.6,2_end
17,100,2M,Green,,28.04,1.7,2_end
17,100,3M,Red,,49.07,11.1,2_end
17,100,3M,Red,,43.54,6.5,2_end
17,100,3M,Red,,38.73,4.3,2_end
17,100,3M,Red,,54.04,11.7,2_end
17,100,3M,Red,,41.7,7,2_end
17,100,3M,Red,,52.05,9.3,2_end
17,100,3M,Red,,43.77,6.7,2_end
17,100,3M,Red,,32.89,3.1,2_end
17,100,3M,Red,,40.89,6.4,2_end
17,100,3M,Red,,49.12,7.7,2_end
17,100,3M,Red,,46.63,6.7,2_end
17,100,3M,Red,,35.9,4.2,2_end
17,100,3M,Red,,40.25,4.1,2_end
17,100,3M,Red,,49.76,9.2,2_end
17,100,3M,Red,,46.2,9.6,2_end
17,100,3M,Red,,41.87,5.7,2_end
17,100,3M,Red,,45.71,7.8,2_end
17,100,3M,Red,,35.58,4.8,2_end
17,100,3M,Red,,35.57,4.7,2_end
17,100,3M,Red,,41.54,6.6,2_end
17,100,3M,Red,,46.56,6.5,2_end
17,100,3M,Red,,48.89,7.3,2_end
17,100,3M,Red,,56.26,10,2_end
17,100,3M,Red,,47.31,9.9,2_end
17,100,3M,Red,,38.29,4.6,2_end
17,100,2M,Green,,49.89,9,2_end
17,100,2M,Green,,30.37,2.1,2_end
17,100,2M,Green,,36.48,3.8,2_end
17,100,2M,Green,,37.98,4.1,2_end
17,100,2M,Green,,35.49,3.9,2_end
17,100,2M,Green,,38.37,3.6,2_end
17,100,2M,Green,,35.05,3.1,2_end
17,100,2M,Green,,22.88,1.2,2_end
17,100,2M,Green,,37.52,3,2_end
17,100,2M,Green,,22.75,1.3,2_end
17,100,2M,Green,,29.83,2.1,2_end
17,100,2M,Green,,29.14,2.5,2_end
17,100,2M,Green,,53.64,9.3,2_end
17,100,2M,Green,,29.66,2.3,2_end
17,100,2M,Green,,31.05,2.3,2_end
17,100,2M,Green,,29.51,2.2,2_end
17,100,2M,Green,,24.64,1.4,2_end
17,100,2M,Green,,26.55,1.8,2_end
17,100,2M,Green,,23.32,1.3,2_end
17,100,2M,Green,,37.1,3.4,2_end
17,100,2M,Green,,35.68,3.1,2_end
17,100,2M,Green,,25.45,1.7,2_end
17,100,2M,Green,,31.39,2.4,2_end
17,100,2M,Green,,21.65,1.2,2_end
15,20,2M,Green,,23.38,1.8,2_end
15,20,2M,Green,,26.53,1.4,2_end
15,20,2M,Green,,31.01,3.1,2_end
15,20,2M,Green,,23.15,2,2_end
15,20,2M,Green,,39.3,3.6,2_end
15,20,2M,Green,,31.52,2.4,2_end
15,20,2M,Green,,26.54,1.6,2_end
15,20,2M,Green,,25.99,1.9,2_end
15,20,2M,Green,,33.08,3,2_end
15,20,2M,Green,,32.41,2.6,2_end
15,20,2M,Green,,20.48,1.7,2_end
15,20,3M,Red,,28.43,2.6,2_end
15,20,3M,Red,,54.9,17.3,2_end
15,20,3M,Red,,54.95,13.3,2_end
15,20,3M,Red,,27.88,2.7,2_end
15,20,3M,Red,,44.6,12.6,2_end
15,20,3M,Red,,30.31,3,2_end
15,20,3M,Red,,54.49,11.8,2_end
15,20,3M,Red,,30.17,3.3,2_end
15,20,3M,Red,,31.8,3.9,2_end
15,20,3M,Red,,33.21,2,2_end
15,20,3M,Red,,33.04,2.9,2_end
15,20,3M,Red,,29.94,2.8,2_end
15,20,3C,Blue,,33.06,1.9,2_end
15,20,3C,Blue,,23.02,1.6,2_end
15,20,3C,Blue,,27.49,2,2_end
15,20,3C,Blue,,26.76,2.2,2_end
15,20,3C,Blue,,20.32,0.9,2_end
15,20,3C,Blue,,26.94,1.3,2_end
15,20,3C,Blue,,23.88,1.1,2_end
15,20,3C,Blue,,29.69,2.4,2_end
15,20,3C,Blue,,25.64,1.8,2_end
15,20,3C,Blue,,23.27,1.6,2_end
15,20,3C,Blue,,29.1,2,2_end
15,20,3C,Blue,,24.44,1.9,2_end
15,20,3C,Blue,,21.92,1.3,2_end
20,20,2M,Green,,25.41,1,2_end
20,20,2M,Green,,30.71,1.7,2_end
20,20,2M,Green,,27.87,1.3,2_end
20,20,2M,Green,,23.73,0.9,2_end
20,20,2M,Green,,30.13,1.3,2_end
20,20,3M,Red,,48.95,9,2_end
20,20,3M,Red,,53.26,7.9,2_end
20,20,3M,Red,,45.76,4.7,2_end
20,20,3M,Red,,23.72,1.2,2_end
20,20,3M,Red,,52.02,12.1,2_end
20,20,3M,Red,,39.54,5.6,2_end
20,20,3M,Red,,31.49,2.8,2_end
20,20,3M,Red,,31.79,3.9,2_end
20,20,3C,Blue,,22.2,1.6,2_end
20,20,3C,Blue,,29.81,1.9,2_end
20,20,3C,Blue,,20.34,1,2_end
20,20,3C,Blue,,34.46,3.7,2_end
12,100,2M,Green,,33.37,3.7,2_end
12,100,2M,Green,,33.93,3.3,2_end
12,100,2M,Green,,35.99,3.6,2_end
12,100,2M,Green,,42.07,4.1,2_end
12,100,2M,Green,,45.84,5.3,2_end
12,100,2M,Green,,47.05,5.3,2_end
12,100,2M,Green,,31.78,2.5,2_end
12,100,2M,Green,,30.11,2.8,2_end
12,100,2M,Green,,29.81,1.4,2_end
12,100,2M,Green,,42.4,5,2_end
12,100,2M,Green,,23.6,1.5,2_end
12,100,2M,Green,,29.15,2,2_end
12,100,2M,Green,,31.88,3,2_end
12,100,2M,Green,,37.35,4.4,2_end
12,100,2M,Green,,26.03,2,2_end
12,100,2M,Green,,26.47,1.6,2_end
12,100,2M,Green,,33.81,3.4,2_end
12,100,2M,Green,,24.81,1.2,2_end
12,100,2M,Green,,39.56,3.7,2_end
12,100,2M,Green,,30.83,4.6,2_end
12,100,2M,Green,,32.04,2.6,2_end
12,100,2M,Green,,25.51,2.4,2_end
12,100,2M,Green,,20.5,1.1,2_end
12,100,2M,Green,,32.15,2.4,2_end
12,100,3M,Red,,54.43,13,2_end
12,100,3M,Red,,35.94,3,2_end
12,100,3M,Red,,44.22,9.5,2_end
12,100,3M,Red,,52.18,12.6,2_end
12,100,3M,Red,,45.38,11.6,2_end
12,100,3M,Red,,37.96,6.5,2_end
12,100,3M,Red,,23.27,3.1,2_end
12,100,3M,Red,,41.55,4,2_end
12,100,3M,Red,,33.21,2.3,2_end
12,100,3M,Red,,39.21,3.9,2_end
12,100,3M,Red,,35.22,5.3,2_end
12,100,3M,Red,,37.06,3,2_end
12,100,3M,Red,,57.2,6.9,2_end
12,100,3M,Red,,40.06,6.4,2_end
12,100,3M,Red,,43.26,6.4,2_end
12,100,3M,Red,,27.89,1.7,2_end
12,100,3M,Red,,27.46,2.6,2_end
12,100,3M,Red,,43.71,4.6,2_end
12,100,3M,Red,,34.23,5,2_end
12,100,3M,Red,,37.83,4.4,2_end
12,100,3M,Red,,41.01,5.4,2_end
12,100,3M,Red,,29.37,1.8,2_end
12,100,3M,Red,,29.41,2.3,2_end
12,100,3M,Red,,33.12,3.9,2_end
12,100,3C,Blue,,28.09,1.7,2_end
12,100,3C,Blue,,25.29,1.8,2_end
12,100,3C,Blue,,28.72,2,2_end
12,100,3C,Blue,,34.13,3.6,2_end
12,100,3C,Blue,,23.74,0.9,2_end
12,100,3C,Blue,,19.25,0.7,2_end
12,100,3C,Blue,,23.39,0.9,2_end
12,100,3C,Blue,,30.24,1.5,2_end
12,100,3C,Blue,,27.32,1.4,2_end
12,100,3C,Blue,,23.85,1.4,2_end
12,100,3C,Blue,,33.08,3.9,2_end
12,100,3C,Blue,,30.96,2.3,2_end
12,100,3C,Blue,,30.18,2,2_end
12,100,3C,Blue,,30.75,1.6,2_end
12,100,3C,Blue,,29.01,2.3,2_end
12,100,3C,Blue,,26.86,1.9,2_end
12,100,3C,Blue,,23.47,1,2_end
12,100,3C,Blue,,29.21,2.1,2_end
12,100,3C,Blue,,32.09,3.4,2_end
12,100,3C,Blue,,28.08,2.2,2_end
12,100,3C,Blue,,29.2,1.9,2_end
12,100,3C,Blue,,34.42,2.1,2_end
12,100,3C,Blue,,22.71,1.3,2_end
12,100,3C,Blue,,28.83,3.3,2_end
12,100,3C,Blue,,20.9,1.1,2_end
12,100,3C,Blue,,30.31,2.2,2_end
12,100,3C,,,41.49,7.96,2_end
12,100,2M,,,55.11,5.1881,2_end
17,100,2M,,,50.5,7.8413,2_end
3,100,2M,,,32.51,4.2368,2_end
17,100,3M,,,56.47,9.1722,2_end
3,100,3C,,,43.19,5.0955,2_end
17,100,3M,,,47.77,8.4073,2_end
12,100,3C,,,28.78,2.4513,2_end
17,100,3C,,,45.67,4.973,2_end
12,100,3M,,,41.4,5.0662,2_end
3,100,2M,,,34.55,4.2569,2_end
3,100,3M,,,68.99,14.504,2_end
12,100,2M,,,36.01,4.3738,2_end
17,100,3C,,,34.39,2.961,2_end
3,100,3C,,,43.77,5.6526,2_end
17,100,2M,,,34.84,5.4658,2_end
17,100,3M,,,52.25,8.0479,2_end
12,100,2M,,,43.94,6.0669,2_end
3,100,3M,,,37.63,5.0968,2_end
12,100,3C,,,38.63,4.795,2_end
17,100,3C,,,35.53,4.511,2_end
3,100,3M,,,35.4,6.5941,2_end
17,100,2M,,,34.76,4.0907,2_end
12,100,3M,,,34.19,3.47,2_end
3,100,2M,,,56.92,4.1479,2_end
17,100,2M,,,57.3,6.4974,2_end
3,100,3C,,,29.23,3.3212,2_end
17,100,3M,,,68.62,17.366,2_end
12,100,3M,,,37.03,5.9421,2_end
11,80,2M,,,39.61,4.8253,2_end
13,80,3C,,,53.7,11.6505,2_end
13,80,2M,,,41.58,5.1668,2_end
1,80,3M,,,53.19,12.8702,2_end
11,80,3C,,,31.68,6.1821,2_end
1,80,2M,,,37.42,3.3817,2_end
11,80,3M,,,51.53,7.723,2_end
1,80,3C,,,49.37,9.8589,2_end
11,80,3C,,,39.16,5.5915,2_end
13,80,3M,,,57.03,12.921,2_end
13,80,2M,,,38.74,5.0449,2_end
1,80,2M,,,35.55,3.7609,2_end
13,80,3C,,,53.78,9.2538,2_end
13,80,3M,,,36.87,6.9949,2_end
1,80,3M,,,47.36,8.0704,2_end
11,80,2M,,,36.25,3.6541,2_end
11,80,3M,,,55.7,11.4069,2_end
1,80,3C,,,33.07,3.6235,2_end
1,80,3M,,,43.91,8.4101,2_end
1,80,2M,,,38.87,4.9748,2_end
11,80,2M,,,46.78,4.8722,2_end
13,80,3C,,,49.91,8.3615,2_end
11,80,3C,,,37.42,3.6637,2_end
13,80,3M,,,48.2,6.9085,2_end
13,80,3C,,,45.01,6.5859,2_end
1,80,3M,,,50.96,8.2792,2_end
11,80,3M,,,56.81,13.3991,2_end
11,80,2M,,,39.81,5.1314,2_end
1,80,3C,,,29.33,4.3244,2_end
13,80,2M,,,33.74,3.9349,2_end
11,80,3M,,,NA,4.1871,2_end
1,80,2M,,,28.48,2.0227,2_end
1,80,3C,,,25,2.464,2_end
13,80,2M,,,29.69,2.6771,2_end
13,80,3M,,,35.07,3.6439,2_end
11,80,3C,,,31.13,3.5679,2_end
11,80,3M,,,53.85,9.9647,2_end
11,80,2M,,,39,3.6929,2_end
13,80,2M,,,30.1,3.2311,2_end
1,80,3M,,,50.38,8.6135,2_end
13,80,3C,,,39.49,4.6404,2_end
1,80,3C,,,40.06,4.2154,2_end
11,80,3C,,,40.19,4.7701,2_end
13,80,2M,,,51.28,8.2855,2_end
1,80,2M,,,45.65,3.9264,2_end
1,80,3C,,,26.93,2.5683,2_end
13,80,3M,,,29.46,4.9226,2_end
11,80,3M,,,39.32,6.0841,2_end
11,80,3C,,,47.68,8.2065,2_end
1,80,3M,,,38.18,4.7453,2_end
13,80,3M,,,39.72,6.3072,2_end
1,80,2M,,,45.39,4.9249,2_end
13,80,3C,,,33.03,4.2001,2_end
11,80,2M,,,38.28,5.6092,2_end
13,80,3M,,,38.56,5.4213,2_end
11,80,3C,,,31.53,2.2335,2_end
1,80,2M,,,32.77,2.5062,2_end
13,80,2M,,,31.08,2.8304,2_end
11,80,3M,,,28.5,2.4936,2_end
1,80,3C,,,30.2,3.7589,2_end
11,80,2M,,,31.4,4.0033,2_end
1,80,3M,,,30.35,3.6244,2_end
13,80,2M,,,35.86,6.1298,2_end
11,80,3C,,,24.26,4.1284,2_end
1,80,2M,,,45.93,4.7931,2_end
13,80,3C,,,32.32,3.4685,2_end
11,80,2M,,,30.67,2.8031,2_end
11,80,3C,,,41.13,5.4313,2_end
1,80,3C,,,43.25,7.5196,2_end
1,80,3M,,,47.66,6.8818,2_end
13,80,3C,,,31.4,3.1416,2_end
13,80,3M,,,32.53,4.7333,2_end
4,60,3M,,,46.72,8.6445,2_end
18,60,3C,,,35.2,3.7301,2_end
14,60,3C,,,41.14,8.2174,2_end
14,60,2M,,,30.03,2.1701,2_end
4,60,2M,,,45.58,6.9201,2_end
14,60,3M,,,42.25,5.9686,2_end
18,60,3C,,,34.01,3.29,2_end
4,60,3C,,,37.97,4.8804,2_end
18,60,3M,,,33.34,4.4002,2_end
14,60,2M,,,40.55,3.3782,2_end
4,60,2M,,,38.05,3.2256,2_end
14,60,2M,,,42.39,4.8737,2_end
4,60,3C,,,28.06,3.4114,2_end
18,60,3C,,,46.16,8.7764,2_end
4,60,3M,,,35.82,4.1072,2_end
18,60,3M,,,42.46,7.4473,2_end
14,60,3C,,,32.41,2.5134,2_end
14,60,3M,,,42.45,7.1579,2_end
18,60,3M,,,44.77,9.2998,2_end
18,60,3C,,,48.06,8.3753,2_end
4,60,3C,,,53.13,10.5935,2_end
4,60,3M,,,58.46,12.5239,2_end
14,60,3C,,,42.62,6.641,2_end
18,60,3C,,,31.53,5.0379,2_end
4,60,3M,,,52.63,6.5333,2_end
18,60,3C,,,35.12,4.0757,2_end
14,60,2M,,,28.81,2.3108,2_end
4,60,2M,,,47.48,6.7944,2_end
14,60,3M,,,36.71,5.45,2_end
14,60,3C,,,40.75,5.7968,2_end
4,60,2M,,,35.39,3.7609,2_end
14,60,2M,,,37.28,3.3901,2_end
18,60,3M,,,32.66,3.0952,2_end
18,60,3M,,,35.58,4.9354,2_end
4,60,3C,,,38.75,4.0769,2_end
18,60,3M,,,42.87,6.762,2_end
4,60,3C,,,35.48,4.2848,2_end
18,60,3C,,,41.12,7.6298,2_end
4,60,2M,,,35.76,3.3391,2_end
14,60,3M,,,41.57,3.4132,2_end
4,60,2M,,,55.29,9.1639,2_end
18,60,3M,,,52.58,9.4188,2_end
14,60,3C,,,33.81,3.8009,2_end
4,60,3M,,,47.21,10.2391,2_end
18,60,3C,,,37.43,6.0655,2_end
14,60,2M,,,39.21,2.6726,2_end
18,60,3M,,,32.39,4.2801,2_end
14,60,2M,,,33.65,3.2074,2_end
18,60,3M,,,28.97,3.7254,2_end
4,60,3C,,,32.47,3.9557,2_end
18,60,3C,,,31.65,3.1885,2_end
18,60,3C,,,38.59,5.4012,2_end
18,60,2M,,,36.49,4.9187,2_end
4,60,3C,,,35.62,4.0681,2_end
4,60,3M,,,40.25,6.5074,2_end
14,60,3C,,,30.41,3.0771,2_end
14,60,2M,,,37.46,4.1604,2_end
4,60,2M,,,36.68,4.2286,2_end
4,60,3M,,,44.35,7.0155,2_end
14,60,3M,,,37.56,6.4376,2_end
14,60,2M,,,31.5,2.8464,2_end
14,60,2M,,,29.23,2.2716,2_end
16,40,2M,,,36.95,4.1139,2_end
16,40,3C,,,53.45,10.4228,2_end
10,40,3M,,,55.15,9.6915,2_end
2,40,3M,,,44.69,8.1085,2_end
10,40,2M,,,48.56,6.5341,2_end
2,40,3C,,,47.67,7.9352,2_end
2,40,2M,,,42.44,3.8828,2_end
16,40,2M,,,39.38,4.1326,2_end
2,40,3C,,,36.96,4.4316,2_end
10,40,3C,,,44.35,5.7475,2_end
10,40,3M,,,42.83,4.7254,2_end
16,40,3M,,,43.27,5.706,2_end
10,40,2M,,,35.29,3.71,2_end
16,40,3M,,,32.56,3.7805,2_end
2,40,2M,,,35.71,2.9467,2_end
2,40,3M,,,38.49,5.821,2_end
10,40,3C,,,30.69,2.9224,2_end
16,40,3C,,,39.04,4.115,2_end
16,40,2M,,,33.12,3.0563,2_end
16,40,3C,,,38.23,2.9105,2_end
10,40,3M,,,36.87,7.0138,2_end
10,40,2M,,,42.18,3.4986,2_end
2,40,3C,,,50.87,5.2465,2_end
2,40,3M,,,34.07,5.7962,2_end
2,40,3C,,,44.18,6.6791,2_end
10,40,3M,,,42.01,5.597,2_end
16,40,3C,,,53.32,9.6934,2_end
10,40,2M,,,45.49,6.6817,2_end
16,40,2M,,,45.26,6.3193,2_end
2,40,3M,,,44.73,9.5996,2_end
16,40,3M,,,36.1,4.6236,2_end
10,40,3C,,,42.94,5.8946,2_end
2,40,2M,,,39.29,5.8779,2_end
2,40,2M,,,47.63,6.1119,2_end
10,40,3C,,,30.05,2.7902,2_end
16,40,3M,,,42.01,9.0838,2_end
20,20,3M,,,41.75,6.4776,2_end
20,20,3C,,,38.2,4.9878,2_end
9,20,3C,,,45.92,8.4803,2_end
9,20,2M,,,50.98,8.4647,2_end
15,20,2M,,,36.14,3.5504,2_end
15,20,3M,,,50.06,11.8762,2_end
9,20,2M,,,43.54,4.6298,2_end
15,20,3C,,,35.57,5.388,2_end
15,20,3M,,,38.23,4.4475,2_end
20,20,3C,,,43.22,4.6845,2_end
20,20,2M,,,36.47,5.3472,2_end
20,20,2M,,,48.51,6.7866,2_end
15,20,3M,,,56.2,11.6881,2_end
9,20,2M,,,40.07,6.8067,2_end
9,20,3M,,,49.67,10.4023,2_end
20,20,3M,,,45.52,5.4336,2_end
15,20,3C,,,48.98,7.4441,2_end
15,20,2M,,,39.68,3.9542,2_end
15,20,3C,,,38.97,5.7618,2_end
9,20,3C,,,42.68,6.0593,2_end
20,20,2M,,,39.08,3.2837,2_end
9,20,3M,,,40.89,6.5359,2_end
20,20,3M,,,40.57,5.6626,2_end
20,20,3C,,,35.77,3.7373,2_end
15,20,3M,,,41.97,5.6206,2_end
9,20,2M,,,32.96,2.7357,2_end
20,20,3C,,,40.57,4.6353,2_end
9,20,3C,,,43.61,6.1229,2_end
15,20,2M,,,49.58,6.9893,2_end
15,20,3C,,,49.48,13.1351,2_end
20,20,3C,,,34.6,3.7696,2_end
20,20,3M,,,42.55,6.5264,2_end
15,20,2M,,,44.29,5.2711,2_end
9,20,3C,,,39.52,2.898,2_end
9,20,3M,,,43.58,7.416,2_end
20,20,2M,,,53.37,5.8286,2_end
9,20,3C,,,50.84,4.5191,2_end
9,20,2M,,,42.33,4.6953,2_end
15,20,3C,,,42.92,8.0036,2_end
15,20,3M,,,34.05,6.5477,2_end
20,20,3M,,,46.26,12.6785,2_end
20,20,3C,,,36.01,4.3232,2_end
9,20,3M,,,46.74,7.9174,2_end
15,20,2M,,,34.3,3.0307,2_end
20,20,3M,,,49.06,10.2501,2_end
9,20,2M,,,39.66,4.2574,2_end
15,20,3C,,,34.76,4.4991,2_end
9,20,3C,,,36.69,5.5152,2_end
20,20,2M,,,33.48,2.5649,2_end
9,20,3M,,,38.92,4.3589,2_end
15,20,2M,,,41.97,4.317,2_end
20,20,3C,,,28.84,2.6258,2_end
15,20,3M,,,37.91,5.4078,2_end
9,20,3C,,,39.36,3.592,2_end
20,20,2M,,,26.29,1.7301,2_end
9,20,3M,,,49.06,6.0749,2_end
15,20,3M,,,31.2,3.9539,2_end
20,20,3C,,,28.4,2.3883,2_end
15,20,2M,,,36.23,2.8519,2_end
15,20,3M,,,26.95,2.4353,2_end
15,20,3C,,,31.09,2.597,2_end
20,20,2M,,,31.4,2.9594,2_end
20,20,3M,,,27.77,3.1136,2_end
9,20,3C,,,29.98,3.7229,2_end
15,20,3C,,,33.72,2.3391,2_end
15,20,3C,,,42.36,8.3365,2_end
20,20,3C,,,36.22,3.9065,2_end
15,20,3M,,,33.02,4.1824,2_end
20,20,2M,,,41.06,4.1233,2_end
9,20,3M,,,51.67,8.2274,2_end
1,80,3M,Red,,42.95,7,2_end
1,80,3M,Red,,39.49,7.2,2_end
1,80,3M,Red,,35.28,4.7,2_end
1,80,3M,Red,,47.64,12.3,2_end
1,80,3M,Red,,30.16,3.2,2_end
1,80,3M,Red,,45.58,8.1,2_end
1,80,3C,Blue,,25.05,1.8,2_end
1,80,3C,Blue,,27.46,1.9,2_end
1,80,3C,Blue,,29.59,3.2,2_end
1,80,3C,Blue,,23.24,1.1,2_end
1,80,3C,Blue,,28.05,3.4,2_end
1,80,2M,Green,,33.6,2.9,2_end
1,80,2M,Green,,32.09,3.9,2_end
1,80,2M,Green,,42.89,4.3,2_end
1,80,2M,Green,,25.97,2.2,2_end
1,80,2M,Green,,34.48,3.4,2_end
11,80,3M,Red,,37.11,5.6,2_end
11,80,3M,Red,,43.72,7.2,2_end
11,80,3M,Red,,48.13,6.3,2_end
11,80,3M,Red,,37.92,4.3,2_end
11,80,3M,Red,,48.26,8.1,2_end
11,80,3C,Blue,,34.86,3.8,2_end
11,80,3C,Blue,,22.82,1.3,2_end
11,80,3C,Blue,,25.72,2.4,2_end
11,80,3C,Blue,,30.6,4.1,2_end
11,80,3C,Blue,,34.97,4.2,2_end
11,80,2M,Green,,37.78,4.4,2_end
11,80,2M,Green,,34.36,3.9,2_end
11,80,2M,Green,,28.61,2.6,2_end
11,80,2M,Green,,26.56,1.8,2_end
11,80,2M,Green,,31.16,2.9,2_end
1,80,3M,Red,,31.9,5.1,2_end
1,80,3M,Red,,39.08,4.7,2_end
1,80,3M,Red,,37.33,3,2_end
1,80,3M,Red,,34.71,4.3,2_end
1,80,3M,Red,,36.39,4.9,2_end
1,80,3M,Red,,24.68,2.3,2_end
1,80,3C,Blue,,27.56,2.5,2_end
1,80,3C,Blue,,26.85,1.4,2_end
1,80,3C,Blue,,30.79,3.5,2_end
1,80,3C,Blue,,21.7,1.4,2_end
1,80,3C,Blue,,21.95,1.3,2_end
1,80,3C,Blue,,22.14,1.2,2_end
1,80,2M,Green,,34.13,2.7,2_end
1,80,2M,Green,,27.07,2.2,2_end
1,80,2M,Green,,30.59,1.8,2_end
1,80,2M,Green,,24.19,1.7,2_end
1,80,2M,Green,,22.6,1.2,2_end
1,80,2M,Green,,27.08,1.9,2_end
13,80,2M,Green,,54.26,6.4,2_end
13,80,2M,Green,,31.08,2.6,2_end
13,80,2M,Green,,33.63,3.3,2_end
13,80,2M,Green,,31.5,3.4,2_end
13,80,2M,Green,,22.06,1.5,2_end
13,80,3C,Blue,,35.68,3.4,2_end
13,80,3C,Blue,,34.15,3.7,2_end
13,80,3C,Blue,,42.1,5,2_end
13,80,3C,Blue,,41.45,6.6,2_end
13,80,3C,Blue,,27.76,2.9,2_end
11,80,3M,Red,,53.93,9.7,2_end
11,80,3M,Red,,52.56,7.6,2_end
11,80,3M,Red,,34.19,5.3,2_end
11,80,3M,Red,,41.14,7.7,2_end
11,80,3M,Red,,44,7.5,2_end
11,80,3C,Blue,,31.6,3.2,2_end
11,80,3C,Blue,,34.75,3.8,2_end
11,80,3C,Blue,,33.26,4.8,2_end
11,80,3C,Blue,,35.22,3.2,2_end
11,80,3C,Blue,,35.84,3.6,2_end
11,80,3C,Blue,,26.17,2.4,2_end
11,80,2M,Green,,56.31,7.2,2_end
11,80,2M,Green,,38.5,4.4,2_end
11,80,2M,Green,,34.89,7.2,2_end
11,80,2M,Green,,35.85,3.7,2_end
11,80,2M,Green,,23.06,1.3,2_end
13,80,3M,Red,,58.98,10.7,2_end
13,80,3M,Red,,51.26,9.6,2_end
13,80,3M,Red,,49.67,9.2,2_end
13,80,3M,Red,,,10,2_end
13,80,3M,Red,,,4.3,2_end
13,80,3M,Red,,46.33,9.6,2_end
13,80,3M,Red,,45.44,7,2_end
13,80,3M,Red,,49.32,11.4,2_end
13,80,3M,Red,,39.09,5.9,2_end
13,80,3M,Red,,50.33,9.9,2_end
13,80,3M,Red,,41.72,8.2,2_end
13,80,3C,Blue,,34.51,3.5,2_end
13,80,3C,Blue,,37.19,3.9,2_end
13,80,3C,Blue,,35.03,3.1,2_end
13,80,3C,Blue,,30.57,3.2,2_end
13,80,3C,Blue,,47.24,6.7,2_end
13,80,3C,Blue,,41.48,10.8,2_end
13,80,2M,Green,,48.13,7.6,2_end
13,80,2M,Green,,46.98,4.6,2_end
13,80,2M,Green,,41.05,7.4,2_end
13,80,2M,Green,,28.69,2.4,2_end
13,80,2M,Green,,32.18,2.6,2_end
13,80,2M,Green,,39.42,4.1,2_end
4,60,3M,Red,,35.07,4.8,2_end
4,60,3M,Red,,40.9,6.6,2_end
4,60,3M,Red,,46.31,6.7,2_end
4,60,3M,Red,,47.58,7.6,2_end
4,60,3M,Red,,34,4,2_end
4,60,3C,Blue,,30.92,2.6,2_end
4,60,3C,Blue,,46.08,7.8,2_end
4,60,3C,Blue,,30.92,2.3,2_end
4,60,3C,Blue,,33.21,3.2,2_end
4,60,3C,Blue,,27.77,2.4,2_end
4,60,2M,Green,,46.89,4.5,2_end
4,60,2M,Green,,38.3,3.2,2_end
4,60,2M,Green,,33.96,3.1,2_end
4,60,2M,Green,,27.14,1.9,2_end
4,60,2M,Green,,37.69,4,2_end
18,60,3M,Red,,56.01,12.7,2_end
18,60,3M,Red,,51.58,11.5,2_end
18,60,3M,Red,,28.97,1.9,2_end
18,60,3M,Red,,40.07,7.2,2_end
18,60,3M,Red,,41.76,8.6,2_end
18,60,3C,Blue,,37.23,3.8,2_end
18,60,3C,Blue,,21.89,1.3,2_end
18,60,3C,Blue,,35.61,4.4,2_end
18,60,3C,Blue,,34.19,4.2,2_end
18,60,3C,Blue,,32.15,2.7,2_end
18,60,3C,Blue,,47.89,7.9,2_end
18,60,3C,Blue,,25.67,1.9,2_end
18,60,3C,Blue,,29.76,2.8,2_end
18,60,3C,Blue,,28.8,3.4,2_end
18,60,3C,Blue,,40.65,6.1,2_end
18,60,3C,Blue,,32.47,3.2,2_end
18,60,3C,Blue,,25.97,1.9,2_end
18,60,3C,Blue,,23.95,1.8,2_end
18,60,3C,Blue,,37.3,4.6,2_end
18,60,3C,Blue,,17.76,1.3,2_end
18,60,3C,Blue,,31.82,2.7,2_end
18,60,3C,Blue,,18.98,0.9,2_end
18,60,3C,Blue,,23.38,1.6,2_end
18,60,3C,Blue,,25.99,1.7,2_end
18,60,3C,Blue,,30.15,2.5,2_end
18,60,3M,Red,,34.26,4.5,2_end
18,60,3M,Red,,56.7,7.8,2_end
18,60,3M,Red,,30.65,3.3,2_end
18,60,3M,Red,,46.66,7.1,2_end
18,60,3M,Red,,34.15,3.5,2_end
14,60,3M,Red,,40.22,6.5,2_end
14,60,3M,Red,,48.12,8.3,2_end
14,60,3M,Red,,44.48,10.5,2_end
14,60,3M,Red,,42.48,9.3,2_end
14,60,3M,Red,,44.72,5.2,2_end
4,60,3M,Red,,39.53,5.2,2_end
4,60,3M,Red,,28.96,2.9,2_end
4,60,3M,Red,,36.44,3.8,2_end
4,60,3M,Red,,39.43,7.6,2_end
4,60,3M,Red,,62.24,19.7,2_end
4,60,3C,Blue,,52.25,8.3,2_end
4,60,3C,Blue,,28.04,2,2_end
4,60,3C,Blue,,37.63,3.5,2_end
4,60,3C,Blue,,31.06,2.9,2_end
4,60,3C,Blue,,32.24,2.8,2_end
4,60,2M,Green,,31.65,3.4,2_end
4,60,2M,Green,,30.87,2.8,2_end
4,60,2M,Green,,28.6,2.3,2_end
4,60,2M,Green,,31.38,1.9,2_end
4,60,2M,Green,,54.85,10.1,2_end
14,60,3C,Blue,,23.83,2.1,2_end
14,60,3C,Blue,,35.53,3.3,2_end
14,60,3C,Blue,,40.96,4.1,2_end
14,60,3C,Blue,,27.66,2.5,2_end
14,60,3C,Blue,,16.33,0.7,2_end
14,60,2M,Green,,21.23,1.2,2_end
14,60,2M,Green,,24.23,1.7,2_end
14,60,2M,Green,,23.56,1.5,2_end
14,60,2M,Green,,18.35,0.7,2_end
14,60,3C,Blue,,21.2,1.4,2_end
14,60,3C,Blue,,23.08,1.1,2_end
14,60,3C,Blue,,22.14,1.1,2_end
14,60,2M,Green,,23.78,1.1,2_end
14,60,2M,Green,,31.29,2.1,2_end
14,60,2M,Green,,25.5,1.4,2_end
14,60,2M,Green,,25.72,0.8,2_end
14,60,3M,Red,,32.95,4.8,2_end
14,60,3M,Red,,53.84,11.3,2_end
14,60,3M,Red,,44.27,7.7,2_end
14,60,3M,Red,,57.54,9,2_end
14,60,3M,Red,,58.59,14.8,2_end
2,40,3C,Blue,,50.84,10.7,2_end
2,40,3C,Blue,,29.11,2.2,2_end
2,40,3C,Blue,,33.15,2.9,2_end
2,40,3C,Blue,,29.69,2.5,2_end
2,40,3C,Blue,,28.71,3.1,2_end
2,40,3M,Red,,28.11,2.4,2_end
2,40,3M,Red,,26.37,2.9,2_end
2,40,3M,Red,,37.64,6.1,2_end
2,40,3M,Red,,33.68,4.2,2_end
2,40,3M,Red,,38.28,5.6,2_end
2,40,2M,Green,,42.33,5.2,2_end
2,40,2M,Green,,42.96,5.6,2_end
2,40,2M,Green,,43.55,6.5,2_end
2,40,2M,Green,,29.62,3.8,2_end
2,40,2M,Green,,26.72,1.8,2_end
10,40,3C,Blue,,22.76,1.6,2_end
10,40,3C,Blue,,25.72,1.8,2_end
10,40,3C,Blue,,21.28,0.8,2_end
10,40,3C,Blue,,41.17,4.8,2_end
10,40,3C,Blue,,24.39,2.9,2_end
10,40,2M,Green,,40.93,4,2_end
10,40,2M,Green,,23.2,1.4,2_end
10,40,2M,Green,,33.17,2.8,2_end
10,40,2M,Green,,28.78,1.5,2_end
10,40,2M,Green,,26.43,2.5,2_end
10,40,3M,Red,,31.28,3.5,2_end
10,40,3M,Red,,53.54,10.2,2_end
10,40,3M,Red,,34.79,4.6,2_end
10,40,3M,Red,,40.17,3.9,2_end
10,40,3M,Red,,40.88,7.1,2_end
16,40,3C,Blue,,38.66,5.8,2_end
16,40,3C,Blue,,34.19,2.7,2_end
16,40,3C,Blue,,28.33,2.3,2_end
16,40,3C,Blue,,39.24,7.6,2_end
16,40,3C,Blue,,32.36,3.4,2_end
16,40,3M,Red,,38.68,4.1,2_end
16,40,3M,Red,,52.52,10.6,2_end
16,40,3M,Red,,36.06,6.2,2_end
16,40,3M,Red,,41.09,5,2_end
16,40,3M,Red,,37.54,7.8,2_end
16,40,2M,Green,,35.61,3.3,2_end
16,40,2M,Green,,23.59,1.1,2_end
16,40,2M,Green,,30.38,3.7,2_end
16,40,2M,Green,,25.32,1.5,2_end
16,40,2M,Green,,39.5,3.8,2_end
9,20,3C,Blue,,2.13,4.4,2_end
9,20,3C,Blue,,28.25,2.2,2_end
9,20,3C,Blue,,29.92,2.5,2_end
9,20,3C,Blue,,33.78,3.4,2_end
9,20,3C,Blue,,51.03,12.7,2_end
9,20,3M,Red,,25.12,2,2_end
9,20,3M,Red,,59.2,13,2_end
9,20,3M,Red,,43.25,8.9,2_end
9,20,3M,Red,,44.11,8.2,2_end
9,20,3M,Red,,44.11,5.5,2_end
9,20,2M,Green,,43.49,6.7,2_end
9,20,2M,Green,,40.58,4.7,2_end
9,20,2M,Green,,38.86,4.1,2_end
9,20,2M,Green,,37.36,3.8,2_end
9,20,2M,Green,,36.24,3.8,2_end
20,20,3C,Blue,,39.9,4.1,2_end
20,20,3C,Blue,,30.37,2.6,2_end
20,20,3C,Blue,,27.06,2.3,2_end
20,20,3C,Blue,,34.45,4,2_end
20,20,3C,Blue,,31.76,3.1,2_end
20,20,3M,Red,,29.88,3.3,2_end
20,20,3M,Red,,35.72,3.8,2_end
20,20,3M,Red,,34.99,3.4,2_end
20,20,3M,Red,,39.12,4.4,2_end
20,20,3M,Red,,51.06,11.1,2_end
20,20,2M,Green,,28.17,1.8,2_end
20,20,2M,Green,,33.12,2.2,2_end
20,20,2M,Green,,27.05,1.1,2_end
20,20,2M,Green,,24.01,2.3,2_end
20,20,2M,Green,,40.94,4.2,2_end
15,20,3M,Red,,32.03,4.6,2_end
15,20,3M,Red,,39.42,5.9,2_end
15,20,3M,Red,,35.83,4.4,2_end
15,20,3M,Red,,27.11,3.7,2_end
15,20,3M,Red,,57.65,12.9,2_end
15,20,3C,Blue,,32.96,3,2_end
15,20,3C,Blue,,35.26,3.2,2_end
15,20,3C,Blue,,39.82,5.5,2_end
15,20,3C,Blue,,35.26,4.7,2_end
15,20,3C,Blue,,37.11,9.9,2_end
15,20,2M,Green,,38.83,4.1,2_end
15,20,2M,Green,,38.51,4.4,2_end
15,20,2M,Green,,27.43,1.9,2_end
15,20,2M,Green,,28.61,2.4,2_end
15,20,2M,Green,,43.43,5.4,2_end
9,20,3M,Red,,56.64,9.9,2_end
9,20,3M,Red,,41.43,5.6,2_end
9,20,3M,Red,,37.55,3.9,2_end
9,20,3M,Red,,42.47,4.9,2_end
9,20,3M,Red,,44.15,6.4,2_end
9,20,2M,Green,,22.74,1.5,2_end
9,20,2M,Green,,26.02,1.8,2_end
9,20,2M,Green,,27.36,2.1,2_end
9,20,2M,Green,,26.91,1.8,2_end
9,20,2M,Green,,33.81,3.5,2_end
9,20,3C,Blue,,34.32,3.1,2_end
9,20,3C,Blue,,25.14,1.9,2_end
9,20,3C,Blue,,27.13,1.9,2_end
9,20,3C,Blue,,28.45,3.5,2_end
9,20,3C,Blue,,26.32,1.9,2_end
15,20,3M,Red,,39.36,4.8,2_end
15,20,3M,Red,,37.99,4.8,2_end
15,20,3M,Red,,52.87,9.5,2_end
15,20,3M,Red,,36.98,6,2_end
15,20,3M,Red,,37.96,5.2,2_end
15,20,3C,Blue,,22.01,1.5,2_end
15,20,3C,Blue,,30.29,2.9,2_end
15,20,3C,Blue,,29.63,2.3,2_end
15,20,3C,Blue,,28.23,2.4,2_end
15,20,3C,Blue,,32.94,2.8,2_end
15,20,2M,Green,,26.57,1.3,2_end
15,20,2M,Green,,29.95,2.4,2_end
15,20,2M,Green,,28.02,2.8,2_end
15,20,2M,Green,,34.6,4.4,2_end
15,20,2M,Green,,25.37,1.9,2_end
20,20,3M,Red,,45.73,8.4,2_end
20,20,3M,Red,,44.58,7.5,2_end
20,20,3M,Red,,42.73,9.2,2_end
20,20,3M,Red,,36.8,5.2,2_end
20,20,3M,Red,,32.75,4.6,2_end
20,20,3C,Blue,,26.74,2.1,2_end
20,20,3C,Blue,,20.21,0.8,2_end
20,20,3C,Blue,,29.8,2.9,2_end
20,20,3C,Blue,,22.68,1.5,2_end
20,20,3C,Blue,,29.8,2.9,2_end
20,20,2M,Green,,32.74,2.5,2_end
20,20,2M,Green,,35.16,2.7,2_end
20,20,2M,Green,,21.97,1.3,2_end
20,20,2M,Green,,34.74,2.5,2_end
20,20,2M,Green,,26.14,1.8,2_end
